CO_FRAC_RA,Paraguay,Bolivia,Brasil,Peru,Colombia
1_1_1,42,8,1,30,3
1_10_1,3,1,1,0,4
1_10_10,15,7,4,83,25
1_10_11,5,2,2,13,1
1_10_12,7,3,5,14,4
1_10_13,15,9,7,9,6
1_10_14,3,3,2,5,3
1_10_2,9,4,31,2,2
1_10_3,18,0,2,29,5
1_10_4,5,2,6,2,1
1_10_5,14,4,1,8,0
1_10_6,3,3,2,23,15
1_10_7,8,3,0,19,3
1_10_8,8,2,1,9,6
1_10_9,14,1,0,1,2
1_11_1,13,12,15,7,10
1_11_10,19,6,3,14,15
1_11_11,3,4,1,6,0
1_11_12,14,6,22,51,45
1_11_13,14,2,13,13,4
1_11_14,9,2,9,26,13
1_11_2,7,5,1,17,9
1_11_3,15,0,5,16,2
1_11_4,22,13,1,26,11
1_11_5,21,9,4,20,12
1_11_6,9,2,5,4,1
1_11_7,11,11,3,30,4
1_11_8,12,5,19,27,7
1_11_9,6,2,1,4,17
1_12_1,5,8,39,22,5
1_12_10,4,3,48,3,16
1_12_11,9,1,48,25,7
1_12_12,18,1,105,7,10
1_12_2,3,0,4,0,7
1_12_3,7,7,57,23,13
1_12_4,17,3,11,19,6
1_12_5,21,1,5,46,4
1_12_6,12,11,4,17,1
1_12_7,31,6,15,43,21
1_12_8,3,0,33,8,17
1_12_9,16,7,202,74,27
1_13_1,12,0,15,3,26
1_13_10,12,1,6,5,21
1_13_11,1,0,5,1,6
1_13_12,0,0,5,0,6
1_13_13,6,1,25,5,7
1_13_14,264,27,2,970,3
1_13_2,1,0,3,0,2
1_13_3,0,0,0,0,0
1_13_4,4,1,64,5,52
1_13_5,3,0,9,0,2
1_13_6,2,0,6,0,3
1_13_7,0,2,14,2,12
1_13_8,2,2,4,1,7
1_13_9,3,1,9,2,1
1_14_1,24,9,47,53,3
1_14_10,7,3,1,2,12
1_14_11,22,1,3,37,5
1_14_12,7,0,3,31,4
1_14_2,4,12,71,17,6
1_14_3,12,2,3,33,9
1_14_4,0,0,0,0,0
1_14_5,16,7,0,34,4
1_14_6,21,5,1,48,10
1_14_7,6,0,5,6,12
1_14_8,6,1,3,76,2
1_14_9,26,4,5,8,3
1_15_1,10,3,38,9,13
1_15_10,10,3,4,19,11
1_15_11,26,1,4,23,9
1_15_2,16,3,10,64,22
1_15_3,18,0,5,2,15
1_15_4,9,9,18,6,7
1_15_5,13,0,14,23,10
1_15_6,26,3,21,15,16
1_15_7,16,2,3,17,12
1_15_8,16,5,9,57,3
1_15_9,16,12,6,68,4
1_16_1,18,5,27,15,7
1_16_10,6,2,3,2,0
1_16_11,8,1,1,10,2
1_16_12,6,1,3,19,0
1_16_2,1,3,3,19,6
1_16_3,10,2,77,21,17
1_16_4,15,4,12,10,16
1_16_5,9,1,5,48,9
1_16_6,13,10,1,16,7
1_16_7,21,4,107,97,12
1_16_8,12,9,3,19,4
1_16_9,6,3,1,22,0
1_17_1,24,5,2,31,23
1_17_10,12,7,2,4,1
1_17_11,14,3,1,8,4
1_17_2,28,103,12,17,7
1_17_3,29,6,6,46,4
1_17_4,17,3,1,58,2
1_17_5,5,4,1,12,2
1_17_6,34,6,2,19,4
1_17_7,14,10,3,11,5
1_17_8,18,8,0,24,3
1_17_9,17,4,0,3,1
1_18_1,41,9,4,23,4
1_18_2,12,5,1,9,6
1_18_3,13,2,3,26,4
1_18_4,12,11,2,48,4
1_18_5,17,4,10,28,2
1_18_6,24,22,3,179,3
1_18_7,27,4,3,70,7
1_18_8,32,5,0,32,1
1_18_9,13,9,1,21,4
1_19_1,27,28,1,70,29
1_19_2,21,15,7,26,14
1_19_3,17,3,1,4,2
1_19_4,24,6,3,31,7
1_19_5,11,10,2,24,1
1_19_6,15,5,2,23,4
1_19_7,24,7,14,62,6
1_19_8,18,11,16,34,7
1_19_9,7,4,1,8,1
1_2_1,28,52,0,4,0
1_2_10,23,59,0,10,0
1_2_11,104,149,0,18,0
1_2_12,296,74,0,77,0
1_2_13,37,113,0,16,0
1_2_14,156,60,1,75,0
1_2_15,120,89,1,108,0
1_2_16,331,210,0,132,0
1_2_17,59,106,0,79,0
1_2_18,49,95,0,36,0
1_2_19,111,68,0,72,0
1_2_2,44,56,0,1,0
1_2_3,12,36,0,4,1
1_2_4,5,59,0,8,0
1_2_5,13,13,0,6,0
1_2_6,116,73,0,33,1
1_2_7,67,44,0,6,0
1_2_8,73,153,0,47,1
1_2_9,39,91,0,59,0
1_20_1,32,6,2,21,15
1_20_10,16,15,0,26,2
1_20_2,28,4,4,30,1
1_20_3,10,1,0,12,2
1_20_4,18,31,1,15,3
1_20_5,11,6,5,25,3
1_20_6,24,7,3,6,4
1_20_7,9,5,0,7,2
1_20_8,8,12,6,36,2
1_20_9,17,7,3,20,3
1_21_1,13,6,4,48,6
1_21_10,12,14,8,18,21
1_21_2,9,7,1,90,7
1_21_3,10,3,0,21,2
1_21_4,56,6,2,70,9
1_21_5,40,3,2,21,12
1_21_6,24,4,2,10,7
1_21_7,11,4,3,37,13
1_21_8,20,0,3,7,0
1_21_9,18,4,2,26,1
1_22_1,6,2,4,1,4
1_22_10,33,3,9,39,7
1_22_2,21,2,1,8,8
1_22_3,25,11,6,35,5
1_22_4,8,2,4,9,3
1_22_5,1,3,5,7,4
1_22_6,7,3,3,17,1
1_22_7,11,7,2,48,11
1_22_8,14,4,13,16,6
1_22_9,44,5,4,16,2
1_23_1,10,2,0,1,16
1_23_10,7,1,3,25,7
1_23_2,3,3,3,3,17
1_23_3,10,6,7,5,1
1_23_4,8,8,10,54,3
1_23_5,11,17,1,10,9
1_23_6,1,5,6,3,19
1_23_7,9,2,5,35,21
1_23_8,10,0,6,8,5
1_23_9,13,4,7,22,17
1_24_1,4,0,1,3,2
1_24_2,1,1,2,7,6
1_24_3,10,9,6,11,10
1_24_4,11,1,0,5,5
1_24_5,6,0,3,6,6
1_24_6,9,3,9,3,10
1_24_7,4,1,4,33,16
1_24_8,3,6,3,30,6
1_25_1,5,1,3,9,3
1_25_10,3,0,3,15,0
1_25_11,18,5,8,6,3
1_25_2,5,0,9,2,4
1_25_3,5,0,2,1,5
1_25_4,15,10,3,9,6
1_25_5,11,1,8,3,4
1_25_6,22,3,3,20,14
1_25_7,3,2,6,5,2
1_25_8,9,2,0,3,6
1_25_9,26,4,19,31,3
1_26_1,17,5,14,46,9
1_26_2,3,4,5,38,10
1_26_3,2,0,9,10,4
1_26_4,7,4,3,2,7
1_26_5,18,3,8,17,4
1_26_6,5,0,4,6,5
1_26_7,5,0,1,4,0
1_26_8,8,1,1,5,1
1_26_9,9,8,1,20,3
1_27_1,16,6,0,17,0
1_27_10,7,11,0,3,1
1_27_2,74,21,2,85,0
1_27_3,68,4,0,80,1
1_27_4,45,13,8,58,5
1_27_5,33,3,1,5,0
1_27_6,172,16,2,82,0
1_27_7,116,20,1,96,0
1_27_8,58,4,2,27,1
1_27_9,54,9,1,16,0
1_28_1,16,0,2,7,3
1_28_10,49,10,0,85,0
1_28_11,52,3,4,33,2
1_28_12,29,5,1,46,0
1_28_13,21,7,2,20,0
1_28_2,33,3,2,40,3
1_28_3,29,5,2,38,0
1_28_4,51,3,2,28,0
1_28_5,20,4,1,17,0
1_28_6,39,13,2,26,0
1_28_7,41,1,3,31,0
1_28_8,11,1,1,17,1
1_28_9,41,2,2,83,4
1_29_1,47,17,2,102,1
1_29_2,26,10,1,60,0
1_29_3,39,6,0,59,0
1_29_4,32,6,2,59,5
1_29_5,34,14,0,25,3
1_29_6,23,9,0,52,0
1_29_7,21,8,1,26,2
1_29_8,15,2,0,42,0
1_29_9,41,5,2,44,0
1_3_1,306,15,0,7,0
1_3_10,257,158,0,111,0
1_3_11,259,97,2,191,0
1_3_12,212,92,1,82,0
1_3_13,96,127,0,61,0
1_3_14,153,95,0,58,0
1_3_15,334,169,0,105,0
1_3_16,288,96,1,160,0
1_3_17,243,75,0,50,0
1_3_18,332,166,0,79,7
1_3_19,255,155,0,109,0
1_3_2,200,74,19,37,1
1_3_20,163,71,0,46,0
1_3_21,193,25,0,27,0
1_3_22,417,39,0,17,1
1_3_23,452,30,0,29,1
1_3_3,325,26,0,40,0
1_3_4,38,48,0,28,3
1_3_5,356,83,0,96,0
1_3_6,214,270,1,241,0
1_3_7,157,41,1,87,0
1_3_8,92,334,0,101,0
1_3_9,186,273,0,296,0
1_4_1,43,8,13,11,48
1_4_2,26,14,9,10,21
1_4_3,25,7,30,22,6
1_4_4,67,7,18,14,6
1_4_5,33,4,2,3,1
1_4_6,60,9,19,20,1
1_4_7,36,7,4,22,2
1_4_8,25,13,4,11,0
1_5_1,25,2,4,8,0
1_5_2,14,2,5,1,4
1_5_3,5,3,49,6,10
1_5_4,28,2,11,7,11
1_5_5,12,8,7,10,9
1_5_6,13,5,8,17,9
1_5_7,12,0,0,6,7
1_6_1,28,4,10,11,10
1_6_10,8,1,22,1,9
1_6_2,15,2,10,7,3
1_6_3,36,4,19,13,12
1_6_4,17,2,23,10,7
1_6_5,5,2,2,4,8
1_6_6,9,1,5,3,1
1_6_7,11,3,4,5,7
1_6_8,16,4,25,9,26
1_6_9,25,3,10,8,6
1_7_1,21,4,60,5,10
1_7_10,5,2,5,1,13
1_7_11,6,2,5,3,0
1_7_12,7,4,79,6,18
1_7_13,4,3,133,16,37
1_7_2,20,6,35,16,21
1_7_3,8,2,2,1,4
1_7_4,4,1,16,6,25
1_7_5,11,5,32,4,25
1_7_6,8,2,2,1,16
1_7_7,10,3,48,8,17
1_7_8,6,1,76,6,32
1_7_9,10,1,3,0,7
1_8_1,8,0,3,4,10
1_8_10,11,0,17,5,9
1_8_2,26,0,35,15,11
1_8_3,28,2,13,21,27
1_8_4,20,2,28,7,22
1_8_5,14,5,136,7,14
1_8_6,23,6,34,14,15
1_8_7,9,1,89,7,20
1_8_8,9,6,16,2,7
1_8_9,7,9,1,4,7
1_9_1,11,0,1,11,1
1_9_10,9,1,86,6,11
1_9_11,1,7,17,5,5
1_9_12,5,1,46,4,4
1_9_13,0,6,0,1,0
1_9_14,9,1,3,6,2
1_9_15,6,0,0,16,4
1_9_16,30,25,88,206,32
1_9_17,2,3,2,22,3
1_9_18,11,8,13,10,31
1_9_19,2,1,0,2,0
1_9_2,19,1,0,9,3
1_9_3,9,2,25,10,3
1_9_4,10,3,4,8,6
1_9_5,12,7,4,63,2
1_9_6,8,2,10,8,10
1_9_7,16,3,30,9,13
1_9_8,9,0,5,1,15
1_9_9,16,2,23,8,25
10_1_1,1,0,1,12,1
10_1_2,5,2,0,3,0
10_1_3,32,0,0,6,0
10_1_4,11,10,2,5,1
10_1_5,4,2,0,0,0
10_1_6,4,4,1,6,0
10_1_7,3,0,0,25,0
10_1_8,6,7,4,5,0
10_10_1,6,8,2,6,1
10_10_10,2,9,0,1,0
10_10_11,13,29,0,8,1
10_10_12,11,18,5,21,0
10_10_2,14,15,0,29,1
10_10_3,3,5,3,11,0
10_10_4,4,15,0,2,0
10_10_5,6,33,3,5,0
10_10_6,12,15,0,1,1
10_10_7,9,9,3,6,0
10_10_8,2,12,1,17,0
10_10_9,21,51,1,22,0
10_11_1,3,26,0,11,1
10_11_10,1,23,3,13,1
10_11_11,12,37,3,15,0
10_11_2,25,65,4,33,0
10_11_3,7,25,1,16,6
10_11_4,20,159,1,20,3
10_11_5,6,144,0,17,0
10_11_6,0,75,1,13,0
10_11_7,14,139,1,60,0
10_11_8,8,22,5,7,0
10_11_9,11,61,1,29,0
10_12_1,7,54,0,24,1
10_12_10,5,15,2,3,0
10_12_2,6,8,2,6,3
10_12_3,23,86,1,10,0
10_12_4,6,72,1,14,1
10_12_5,5,115,2,34,0
10_12_6,7,61,1,42,0
10_12_7,4,74,1,43,0
10_12_8,1,25,0,6,0
10_12_9,10,14,0,9,1
10_13_1,10,33,0,1,0
10_13_10,3,19,0,1,0
10_13_11,3,3,2,4,0
10_13_12,9,0,1,13,0
10_13_2,4,17,0,18,0
10_13_3,11,16,2,37,0
10_13_4,10,11,0,1,0
10_13_5,8,21,1,8,0
10_13_6,1,13,0,16,0
10_13_7,6,19,4,17,0
10_13_8,2,0,1,0,0
10_13_9,7,31,0,12,6
10_14_1,10,49,1,2,0
10_14_10,9,14,0,21,0
10_14_11,15,14,0,86,0
10_14_2,13,30,2,22,0
10_14_3,9,12,0,1,0
10_14_4,3,6,0,2,0
10_14_5,10,6,2,14,0
10_14_6,4,25,0,5,0
10_14_7,3,44,2,9,1
10_14_8,10,6,0,15,0
10_14_9,15,35,0,36,0
10_15_1,41,7,1,3,1
10_15_2,7,14,0,17,0
10_15_3,12,15,0,4,0
10_15_4,2,6,1,10,0
10_15_5,8,5,0,5,0
10_15_6,5,20,1,1,0
10_15_7,5,7,0,8,0
10_15_8,45,63,0,27,0
10_15_9,11,3,1,6,1
10_16_1,7,23,1,17,0
10_16_2,13,51,2,15,3
10_16_3,50,45,1,13,0
10_16_4,3,1,0,1,0
10_16_5,11,27,0,1,0
10_16_6,10,28,0,4,1
10_16_7,5,8,10,4,0
10_16_8,7,23,1,4,0
10_16_9,9,37,3,22,0
10_17_1,8,0,0,1,1
10_17_10,10,1,2,15,0
10_17_2,5,22,0,16,0
10_17_3,7,24,0,10,0
10_17_4,0,1,3,1,0
10_17_5,12,16,0,50,0
10_17_6,6,68,0,12,0
10_17_7,3,77,1,9,0
10_17_8,11,28,2,0,0
10_17_9,4,16,1,3,0
10_18_1,8,53,0,6,4
10_18_10,3,24,0,3,1
10_18_11,6,46,0,30,0
10_18_12,20,28,1,2,0
10_18_2,2,47,0,22,0
10_18_3,22,13,2,9,0
10_18_4,22,38,1,92,0
10_18_5,7,17,14,9,3
10_18_6,6,3,0,4,0
10_18_7,19,26,0,8,0
10_18_8,5,6,1,10,0
10_18_9,8,2,1,5,2
10_19_1,9,9,2,7,0
10_19_10,20,90,3,25,0
10_19_11,13,14,1,13,5
10_19_12,6,86,0,4,0
10_19_2,33,122,5,27,1
10_19_3,18,196,0,78,1
10_19_4,4,33,1,26,0
10_19_5,8,42,2,3,0
10_19_6,94,51,2,11,0
10_19_7,7,3,5,8,1
10_19_8,10,19,1,15,0
10_19_9,6,40,1,28,0
10_2_1,7,11,2,5,0
10_2_2,11,0,0,4,0
10_2_3,4,6,1,0,0
10_2_4,2,2,0,0,0
10_2_5,10,8,0,0,1
10_2_6,6,0,0,6,0
10_2_7,8,8,0,3,0
10_2_8,3,4,0,2,0
10_3_1,3,7,1,0,5
10_3_2,9,22,0,1,0
10_3_3,1,10,1,5,0
10_3_4,6,6,1,2,0
10_3_5,1,9,1,2,0
10_3_6,5,6,0,10,0
10_3_7,9,3,2,0,1
10_3_8,22,1,3,14,0
10_4_1,7,3,1,4,0
10_4_2,3,6,4,2,3
10_4_3,4,7,3,1,0
10_4_4,3,4,0,11,1
10_4_5,5,4,0,2,0
10_4_6,1,3,0,0,1
10_4_7,0,0,1,0,1
10_4_8,3,1,0,9,0
10_4_9,6,6,3,1,0
10_5_1,2,13,0,8,1
10_5_10,4,23,1,11,0
10_5_11,2,2,0,5,0
10_5_12,4,6,0,13,1
10_5_13,3,10,0,5,0
10_5_14,14,7,0,1,1
10_5_2,8,0,0,5,0
10_5_3,4,41,0,2,0
10_5_4,8,3,1,3,0
10_5_5,7,1,0,15,0
10_5_6,9,4,0,15,1
10_5_7,5,9,1,2,0
10_5_8,4,6,2,1,1
10_5_9,6,2,2,17,0
10_6_1,1,6,0,11,0
10_6_10,23,48,0,24,0
10_6_11,4,20,1,4,0
10_6_12,5,5,3,0,0
10_6_13,8,16,0,18,1
10_6_2,2,1,3,0,0
10_6_3,5,16,2,1,6
10_6_4,2,9,1,4,0
10_6_5,5,2,6,3,0
10_6_6,7,15,1,2,0
10_6_7,11,3,4,4,0
10_6_8,7,7,8,0,0
10_6_9,4,28,1,9,0
10_7_1,11,27,1,13,2
10_7_10,5,20,2,9,0
10_7_2,8,22,2,8,0
10_7_3,18,12,1,25,0
10_7_4,12,16,0,5,1
10_7_5,6,25,3,10,1
10_7_6,8,16,1,6,1
10_7_7,8,5,1,2,0
10_7_8,9,0,0,11,0
10_7_9,10,69,0,12,2
10_8_1,10,18,3,9,1
10_8_2,12,35,1,20,1
10_8_3,8,7,2,3,0
10_8_4,10,4,4,25,1
10_8_5,8,30,0,5,0
10_8_6,4,0,0,2,1
10_8_7,10,30,0,5,0
10_8_8,5,19,3,8,1
10_8_9,9,14,1,4,0
10_9_1,3,1,4,5,1
10_9_10,8,34,0,11,1
10_9_2,8,14,1,9,0
10_9_3,2,6,6,4,0
10_9_4,7,7,20,22,0
10_9_5,9,46,14,7,0
10_9_6,7,27,0,3,0
10_9_7,7,14,1,22,0
10_9_8,3,8,0,9,2
10_9_9,1,17,2,3,1
11_1_1,8,7,4,6,1
11_1_10,8,1,1,5,0
11_1_11,10,4,6,1,0
11_1_12,8,6,4,0,0
11_1_2,12,1,6,0,0
11_1_3,10,1,1,2,1
11_1_4,1,0,0,0,1
11_1_5,4,0,0,0,0
11_1_6,8,13,0,4,0
11_1_7,3,4,3,6,0
11_1_8,4,3,0,1,0
11_1_9,18,0,0,4,0
11_10_1,4,0,2,4,0
11_10_10,13,0,0,7,1
11_10_2,5,1,0,6,2
11_10_3,3,0,1,5,0
11_10_4,5,0,3,5,0
11_10_5,4,0,3,5,0
11_10_6,13,4,2,12,2
11_10_7,3,3,0,9,0
11_10_8,5,1,1,5,0
11_10_9,10,4,1,2,3
11_11_1,9,2,1,5,0
11_11_2,11,0,1,8,0
11_11_3,24,19,2,7,0
11_11_4,13,6,0,4,0
11_11_5,14,15,0,13,0
11_11_6,21,7,0,16,2
11_11_7,14,15,1,18,1
11_11_8,4,12,1,16,0
11_11_9,11,34,0,18,1
11_12_1,3,1,0,0,0
11_12_10,2,10,1,5,1
11_12_2,2,5,2,0,0
11_12_3,10,0,0,13,1
11_12_4,2,10,1,5,0
11_12_5,4,1,1,0,0
11_12_6,5,14,0,8,1
11_12_7,1,1,1,7,0
11_12_8,3,0,0,12,0
11_12_9,10,3,3,12,1
11_13_1,1,0,1,1,0
11_13_10,6,5,0,0,0
11_13_11,3,12,3,3,0
11_13_2,7,0,1,3,0
11_13_3,3,0,0,4,1
11_13_4,6,0,3,4,1
11_13_5,10,0,3,16,1
11_13_6,6,5,1,6,1
11_13_7,5,1,1,8,0
11_13_8,5,3,0,0,0
11_13_9,10,4,0,44,0
11_14_1,11,8,2,0,2
11_14_2,8,5,2,9,0
11_14_3,6,10,2,9,0
11_14_4,4,6,4,5,0
11_14_5,5,4,4,2,2
11_14_6,4,6,0,14,1
11_14_7,10,6,3,8,0
11_15_1,5,15,1,1,0
11_15_10,9,30,3,0,0
11_15_11,11,31,0,11,0
11_15_2,9,34,3,0,0
11_15_3,16,25,2,11,0
11_15_4,8,19,1,5,0
11_15_5,12,3,0,3,1
11_15_6,15,9,1,0,0
11_15_7,10,5,2,4,0
11_15_8,11,9,3,26,0
11_15_9,4,4,1,23,2
11_16_1,10,3,2,0,0
11_16_10,12,31,0,19,0
11_16_2,9,10,1,7,0
11_16_3,6,6,0,20,0
11_16_4,5,15,0,12,0
11_16_5,7,9,0,13,0
11_16_6,8,14,4,23,0
11_16_7,25,0,0,0,0
11_16_8,9,21,0,14,0
11_16_9,4,2,1,8,0
11_17_1,6,22,0,8,0
11_17_2,9,20,2,1,0
11_17_3,4,14,0,13,3
11_17_4,5,50,4,6,0
11_17_5,4,7,0,21,1
11_17_6,6,48,2,41,1
11_17_7,14,74,0,37,0
11_17_8,16,53,0,24,0
11_18_1,4,20,0,5,0
11_18_2,7,19,1,19,0
11_18_3,7,38,1,7,0
11_18_4,21,59,1,17,1
11_18_5,11,27,3,12,0
11_18_6,11,8,0,5,2
11_18_7,41,47,3,28,1
11_18_8,28,46,1,49,0
11_18_9,9,36,0,22,0
11_19_1,4,13,0,5,0
11_19_2,6,15,0,4,0
11_19_3,5,16,5,3,0
11_19_4,14,15,2,40,0
11_19_5,11,19,1,5,0
11_19_6,15,23,4,17,1
11_19_7,18,42,1,28,2
11_19_8,26,38,3,36,0
11_19_9,16,15,2,10,2
11_2_1,9,15,0,1,1
11_2_10,5,1,0,6,0
11_2_11,9,3,10,2,0
11_2_2,12,10,0,6,0
11_2_3,8,1,1,1,0
11_2_4,2,0,0,1,0
11_2_5,8,1,2,7,0
11_2_6,1,0,1,5,0
11_2_7,3,1,2,5,0
11_2_8,5,3,2,1,1
11_2_9,1,2,1,4,3
11_20_1,13,6,1,32,0
11_20_10,16,5,3,2,0
11_20_11,12,23,1,10,2
11_20_2,7,2,1,26,0
11_20_3,30,15,2,43,0
11_20_4,9,26,1,20,2
11_20_5,10,14,4,13,0
11_20_6,6,31,0,16,0
11_20_7,7,6,3,17,0
11_20_8,5,15,2,23,0
11_20_9,4,9,0,0,1
11_21_1,17,11,1,27,0
11_21_10,4,29,1,67,3
11_21_11,18,17,7,34,5
11_21_2,12,29,3,12,0
11_21_3,12,4,1,7,1
11_21_4,6,3,2,25,1
11_21_5,23,5,0,11,4
11_21_6,24,5,1,9,1
11_21_7,10,4,1,14,0
11_21_8,11,0,3,9,1
11_21_9,8,1,0,4,0
11_22_1,10,23,0,24,0
11_22_10,10,20,6,12,0
11_22_11,4,20,0,19,0
11_22_2,23,15,1,85,0
11_22_3,15,44,1,9,0
11_22_4,19,11,2,7,3
11_22_5,10,24,2,16,1
11_22_6,5,25,3,47,0
11_22_7,6,4,2,3,1
11_22_8,11,9,1,17,0
11_22_9,11,10,1,36,1
11_3_1,8,1,0,3,0
11_3_10,13,0,3,4,0
11_3_11,7,0,1,4,0
11_3_12,9,0,0,1,1
11_3_2,10,0,1,3,0
11_3_3,5,1,1,3,0
11_3_4,4,0,1,5,0
11_3_5,1,1,4,7,0
11_3_6,6,0,0,3,0
11_3_7,5,1,2,6,1
11_3_8,11,2,1,4,0
11_3_9,3,4,3,0,0
11_4_1,10,2,0,0,1
11_4_10,4,10,0,11,0
11_4_11,3,5,0,9,1
11_4_12,1,4,0,5,0
11_4_13,6,0,0,4,1
11_4_2,6,2,1,6,1
11_4_3,6,1,2,0,1
11_4_4,12,4,0,4,0
11_4_5,6,1,2,1,3
11_4_6,4,0,0,4,0
11_4_7,1,0,0,1,0
11_4_8,2,2,4,0,4
11_4_9,3,2,3,10,0
11_5_1,23,7,1,2,0
11_5_10,1,4,2,2,0
11_5_2,7,5,0,0,1
11_5_3,7,2,1,0,0
11_5_4,3,1,3,1,0
11_5_5,4,7,0,0,0
11_5_6,6,5,2,0,1
11_5_7,2,2,0,4,0
11_5_8,4,4,0,1,0
11_5_9,6,2,0,2,0
11_6_1,4,0,0,2,0
11_6_10,8,8,0,11,2
11_6_11,9,0,1,1,1
11_6_2,4,1,0,4,1
11_6_3,3,1,2,5,1
11_6_4,4,19,0,3,0
11_6_5,5,26,0,7,1
11_6_6,6,7,1,2,0
11_6_7,3,7,3,4,0
11_6_8,4,0,0,4,0
11_6_9,6,19,0,0,2
11_7_1,64,61,9,149,16
11_7_10,4,1,0,4,2
11_7_11,1,1,0,5,0
11_7_12,5,12,4,2,1
11_7_2,3,0,0,4,0
11_7_3,5,0,4,1,1
11_7_4,1,3,1,5,0
11_7_5,6,0,2,3,0
11_7_6,6,2,3,5,0
11_7_7,7,0,2,2,2
11_7_8,6,2,1,9,0
11_7_9,3,2,1,7,0
11_8_1,8,3,0,6,0
11_8_2,2,1,3,1,0
11_8_3,8,0,0,0,1
11_8_4,5,4,2,1,1
11_8_5,3,0,0,2,0
11_8_6,1,2,2,6,1
11_8_7,4,25,3,4,0
11_8_8,3,1,1,5,0
11_8_9,5,0,0,2,1
11_9_1,10,4,1,10,0
11_9_10,8,0,1,1,1
11_9_11,10,0,0,4,0
11_9_12,4,2,3,2,2
11_9_2,1,0,0,0,0
11_9_3,10,1,3,1,0
11_9_4,4,1,1,3,1
11_9_5,12,0,1,7,0
11_9_6,3,0,4,1,0
11_9_7,11,2,1,8,0
11_9_8,6,1,3,2,0
11_9_9,5,1,1,2,0
12_1_1,7,0,1,4,0
12_1_10,5,1,1,6,0
12_1_11,6,2,1,11,3
12_1_2,2,0,0,0,0
12_1_3,4,1,0,3,0
12_1_4,10,1,3,24,0
12_1_5,2,0,1,13,0
12_1_6,6,1,0,9,1
12_1_7,5,19,4,51,0
12_1_8,10,0,1,10,0
12_1_9,17,7,0,8,0
12_10_1,16,2,0,1,1
12_10_10,22,2,7,39,0
12_10_11,5,7,0,36,0
12_10_2,7,0,0,1,0
12_10_3,16,1,1,4,1
12_10_4,18,1,1,10,0
12_10_5,4,1,0,2,0
12_10_6,9,1,3,9,2
12_10_7,7,0,1,2,1
12_10_8,12,0,4,0,1
12_10_9,17,0,2,11,0
12_11_1,2,1,0,11,0
12_11_10,11,0,0,1,6
12_11_11,11,8,3,6,0
12_11_2,9,9,5,28,1
12_11_3,9,1,0,10,0
12_11_4,11,2,1,4,3
12_11_5,25,1,2,5,0
12_11_6,19,1,5,15,0
12_11_7,3,0,0,11,0
12_11_8,10,4,2,10,4
12_11_9,11,2,5,1,3
12_12_1,6,0,0,6,3
12_12_2,15,5,0,16,5
12_12_3,13,0,6,5,6
12_12_4,12,3,0,10,2
12_12_5,6,0,3,7,1
12_12_6,1,1,0,4,0
12_12_7,10,0,1,0,0
12_12_8,12,2,1,1,10
12_13_1,6,0,3,9,1
12_13_2,6,1,3,9,1
12_13_3,25,5,1,3,1
12_13_4,13,3,1,5,1
12_13_5,13,1,2,4,1
12_13_6,5,1,0,6,0
12_13_7,5,0,1,13,1
12_14_1,15,0,5,7,1
12_14_10,11,0,0,6,2
12_14_2,4,1,2,1,1
12_14_3,10,5,2,2,0
12_14_4,5,1,4,2,1
12_14_5,8,2,3,4,1
12_14_6,8,7,1,2,1
12_14_7,13,8,1,77,3
12_14_8,5,0,4,9,0
12_14_9,9,4,1,1,0
12_15_1,12,0,1,20,1
12_15_10,4,0,1,3,0
12_15_11,3,0,2,0,0
12_15_12,10,0,0,3,0
12_15_13,14,0,0,2,0
12_15_2,17,0,0,6,1
12_15_3,12,5,1,4,0
12_15_4,5,0,4,11,1
12_15_5,19,1,1,9,3
12_15_6,3,6,1,4,2
12_15_7,8,0,2,4,0
12_15_8,5,0,1,4,0
12_15_9,15,5,4,7,1
12_16_1,20,1,3,10,1
12_16_10,11,0,1,4,0
12_16_11,6,1,2,5,1
12_16_12,14,2,0,11,1
12_16_13,16,2,2,10,1
12_16_14,2,0,1,0,0
12_16_2,9,0,1,39,2
12_16_3,3,0,0,3,4
12_16_4,9,1,0,2,1
12_16_5,19,2,5,5,5
12_16_6,14,0,4,5,1
12_16_7,9,0,0,2,1
12_16_8,16,1,2,4,2
12_16_9,16,1,5,12,0
12_17_1,6,1,0,0,0
12_17_2,15,0,1,12,2
12_17_3,1,1,2,8,2
12_17_4,8,1,2,16,0
12_17_5,13,3,2,12,1
12_17_6,7,1,1,7,1
12_17_7,8,1,0,10,0
12_17_8,13,4,1,1,0
12_18_1,2,0,0,0,0
12_18_10,5,0,0,3,0
12_18_11,7,0,2,4,0
12_18_12,10,3,1,42,0
12_18_13,5,0,1,7,1
12_18_2,12,0,0,5,2
12_18_3,4,0,0,7,1
12_18_4,8,0,0,4,0
12_18_5,13,0,0,4,2
12_18_6,4,6,2,5,0
12_18_7,7,4,0,10,0
12_18_8,9,2,2,39,0
12_18_9,4,7,1,8,2
12_19_1,6,5,2,4,2
12_19_10,3,0,0,1,5
12_19_11,7,0,0,5,1
12_19_12,6,0,0,7,0
12_19_13,5,5,0,5,3
12_19_2,10,0,1,0,2
12_19_3,7,0,0,6,3
12_19_4,8,8,1,23,0
12_19_5,7,5,2,2,0
12_19_6,16,0,0,11,0
12_19_7,8,2,4,1,0
12_19_8,10,0,1,36,0
12_19_9,3,2,3,7,1
12_2_1,20,4,3,12,6
12_2_2,5,2,3,3,2
12_2_3,5,1,1,10,1
12_2_4,12,0,2,8,0
12_2_5,6,2,0,4,0
12_2_6,6,0,4,4,0
12_2_7,13,1,1,1,3
12_2_8,21,1,3,6,1
12_20_1,8,2,4,9,0
12_20_2,8,4,2,3,0
12_20_3,13,0,2,16,0
12_20_4,18,7,0,2,0
12_20_5,9,6,0,4,0
12_20_6,17,4,4,12,0
12_20_7,5,0,0,4,0
12_20_8,15,6,1,19,0
12_21_1,9,3,0,7,0
12_21_10,3,0,0,1,0
12_21_2,4,0,0,10,0
12_21_3,9,1,0,20,2
12_21_4,6,0,1,1,0
12_21_5,3,1,1,0,0
12_21_6,5,5,1,1,1
12_21_7,14,0,1,5,0
12_21_8,2,3,4,3,0
12_21_9,7,4,1,10,0
12_22_1,3,7,4,9,0
12_22_10,2,0,3,7,2
12_22_11,10,1,2,2,3
12_22_2,17,0,0,3,0
12_22_3,6,0,0,4,1
12_22_4,8,4,0,5,1
12_22_5,7,1,0,5,0
12_22_6,8,1,2,4,1
12_22_7,22,4,0,2,0
12_22_8,2,2,0,1,0
12_22_9,7,1,1,3,0
12_3_1,3,0,1,0,1
12_3_10,10,5,3,14,0
12_3_11,5,1,0,14,0
12_3_2,26,1,1,8,0
12_3_3,10,1,5,10,0
12_3_4,4,0,5,2,0
12_3_5,24,0,3,7,0
12_3_6,37,15,0,103,0
12_3_7,9,0,0,22,0
12_3_8,2,2,2,22,0
12_3_9,8,1,2,5,0
12_4_1,8,4,0,0,0
12_4_10,11,0,0,5,0
12_4_2,8,2,0,2,0
12_4_3,7,1,5,3,1
12_4_4,5,0,3,5,0
12_4_5,6,0,1,0,0
12_4_6,4,7,2,2,2
12_4_7,17,1,0,6,0
12_4_8,3,0,2,8,0
12_4_9,4,3,2,4,2
12_5_1,2,0,2,12,2
12_5_10,1,4,3,13,0
12_5_11,7,1,4,16,2
12_5_2,10,1,6,6,2
12_5_3,6,0,2,10,4
12_5_4,6,1,0,3,2
12_5_5,4,0,1,3,1
12_5_6,3,0,1,20,5
12_5_7,5,2,6,25,2
12_5_8,7,5,7,10,1
12_5_9,5,3,2,26,3
12_6_1,4,0,2,15,0
12_6_10,7,0,0,11,0
12_6_2,4,0,2,9,0
12_6_3,5,0,0,13,1
12_6_4,16,0,1,2,3
12_6_5,8,3,5,11,6
12_6_6,12,1,1,8,0
12_6_7,6,1,1,7,1
12_6_8,6,2,0,1,1
12_6_9,8,1,0,8,0
12_7_1,8,0,2,10,1
12_7_10,23,5,6,4,1
12_7_2,6,3,1,2,2
12_7_3,4,2,2,3,1
12_7_4,8,3,3,8,1
12_7_5,10,2,1,14,0
12_7_6,15,4,2,13,0
12_7_7,19,1,3,5,0
12_7_8,14,2,2,3,0
12_7_9,12,1,4,11,5
12_8_1,13,0,0,0,0
12_8_10,4,0,2,0,1
12_8_11,3,0,1,2,1
12_8_2,7,0,0,7,1
12_8_3,9,0,1,3,1
12_8_4,3,0,1,5,0
12_8_5,3,0,3,8,8
12_8_6,5,1,0,8,1
12_8_7,3,7,5,11,4
12_8_8,4,1,3,12,6
12_8_9,6,0,1,2,3
12_9_1,7,12,1,6,0
12_9_2,15,2,0,3,0
12_9_3,10,3,0,15,0
12_9_4,8,3,0,4,0
12_9_5,9,0,0,6,0
12_9_6,9,2,4,10,1
12_9_7,9,2,2,3,0
13_1_1,16,1,6,1,0
13_1_10,2,1,2,6,1
13_1_11,10,0,4,2,5
13_1_12,7,2,1,2,8
13_1_13,4,2,1,7,2
13_1_14,10,0,0,1,1
13_1_2,4,1,3,0,0
13_1_3,7,3,2,4,0
13_1_4,5,2,3,16,0
13_1_5,1,3,3,7,3
13_1_6,11,1,4,4,3
13_1_7,7,0,3,0,4
13_1_8,1,0,1,1,1
13_1_9,4,2,0,0,1
13_10_1,7,3,4,15,5
13_10_10,16,2,8,63,2
13_10_11,4,1,2,10,19
13_10_2,9,3,9,2,0
13_10_3,10,4,0,13,8
13_10_4,11,7,7,5,7
13_10_5,13,8,3,36,3
13_10_6,8,1,3,4,9
13_10_7,7,1,1,6,3
13_10_8,11,0,2,5,10
13_10_9,8,0,4,5,4
13_11_1,5,1,3,5,4
13_11_2,10,2,0,1,6
13_11_3,4,0,1,3,2
13_11_4,4,1,1,5,7
13_11_5,4,0,1,6,3
13_11_6,22,6,8,6,5
13_11_7,16,15,1,18,4
13_12_1,6,1,1,8,10
13_12_10,8,1,4,2,0
13_12_2,8,6,8,2,2
13_12_3,7,3,0,5,0
13_12_4,14,1,4,4,2
13_12_5,25,2,8,7,0
13_12_6,13,1,1,3,3
13_12_7,15,2,2,3,9
13_12_8,4,3,0,7,7
13_12_9,10,1,7,22,0
13_13_1,33,3,7,5,0
13_13_10,13,2,9,6,2
13_13_11,13,0,3,6,2
13_13_12,22,3,3,11,2
13_13_13,10,2,5,7,5
13_13_14,2,0,5,4,4
13_13_2,3,3,3,24,1
13_13_3,7,3,0,15,0
13_13_4,1,2,3,7,10
13_13_5,10,4,5,6,9
13_13_6,0,0,1,0,4
13_13_7,1,3,2,9,16
13_13_8,17,0,3,2,0
13_13_9,16,1,6,4,3
13_14_1,6,1,1,8,6
13_14_10,15,0,4,5,2
13_14_11,20,2,10,7,2
13_14_2,3,0,2,4,0
13_14_3,10,1,3,8,8
13_14_4,17,1,4,5,2
13_14_5,15,0,6,10,3
13_14_6,14,1,2,14,0
13_14_7,1,1,2,1,0
13_14_8,6,4,1,7,1
13_14_9,3,1,6,8,4
13_15_1,9,3,1,10,1
13_15_10,5,3,1,6,3
13_15_11,9,3,4,43,2
13_15_12,5,1,0,5,5
13_15_2,7,3,3,1,2
13_15_3,15,1,1,5,0
13_15_4,7,0,1,4,4
13_15_5,10,2,6,5,5
13_15_6,4,0,1,1,5
13_15_7,6,1,2,6,1
13_15_8,5,1,1,4,2
13_15_9,12,2,5,13,1
13_16_1,17,1,9,6,0
13_16_10,8,2,3,5,1
13_16_11,13,2,2,6,2
13_16_12,16,1,1,32,2
13_16_13,6,0,2,3,2
13_16_2,2,6,2,11,3
13_16_3,6,0,1,2,9
13_16_4,5,2,6,9,1
13_16_5,4,0,1,20,0
13_16_6,9,5,0,5,3
13_16_7,9,1,2,6,1
13_16_8,0,0,2,1,2
13_16_9,3,1,2,7,2
13_17_1,21,7,2,8,2
13_17_10,10,4,6,9,3
13_17_11,5,1,2,1,0
13_17_2,29,7,2,11,2
13_17_3,10,0,1,0,2
13_17_4,4,1,1,5,3
13_17_5,5,2,2,2,1
13_17_6,6,1,2,1,2
13_17_7,14,0,6,4,1
13_17_8,4,0,1,0,0
13_17_9,15,1,6,4,2
13_18_1,9,0,5,10,6
13_18_10,29,3,2,6,4
13_18_2,12,1,1,21,10
13_18_3,10,1,3,8,3
13_18_4,16,1,2,4,1
13_18_5,10,3,2,4,2
13_18_6,11,1,0,2,0
13_18_7,8,1,2,9,2
13_18_8,18,3,3,2,0
13_18_9,7,2,3,0,0
13_19_1,3,4,1,29,1
13_19_10,8,1,1,3,0
13_19_11,8,0,1,4,5
13_19_12,8,4,4,3,2
13_19_2,14,1,3,2,0
13_19_3,6,1,2,1,5
13_19_4,5,1,0,4,1
13_19_5,5,5,0,4,3
13_19_6,0,2,0,2,4
13_19_7,10,1,1,7,3
13_19_8,10,0,3,1,4
13_19_9,15,1,1,5,5
13_2_1,12,1,2,40,3
13_2_10,11,0,3,14,3
13_2_11,4,0,2,1,1
13_2_2,14,0,3,4,0
13_2_3,11,0,0,3,2
13_2_4,7,0,0,1,1
13_2_5,6,1,2,7,0
13_2_6,14,0,2,3,1
13_2_7,5,0,1,1,1
13_2_8,5,1,1,9,0
13_2_9,9,0,3,2,2
13_20_1,6,2,2,1,2
13_20_10,4,2,1,11,0
13_20_11,8,1,0,4,5
13_20_12,9,0,5,3,4
13_20_2,6,1,5,6,0
13_20_3,0,3,2,2,0
13_20_4,7,3,5,2,1
13_20_5,3,0,3,5,4
13_20_6,4,5,3,10,1
13_20_7,8,0,1,3,3
13_20_8,1,1,8,8,2
13_20_9,5,0,2,6,4
13_21_1,18,1,0,4,4
13_21_10,15,4,2,10,0
13_21_2,3,0,1,6,0
13_21_3,6,0,11,4,4
13_21_4,16,0,6,0,0
13_21_5,25,2,10,4,0
13_21_6,13,1,3,5,1
13_21_7,14,10,6,5,7
13_21_8,11,1,5,3,4
13_21_9,10,3,6,4,3
13_22_1,10,6,1,3,1
13_22_2,3,0,4,2,1
13_22_3,5,0,4,0,3
13_22_4,25,4,10,6,2
13_22_5,41,0,4,6,1
13_22_6,18,7,4,5,12
13_22_7,23,5,6,3,9
13_22_8,9,2,1,7,7
13_22_9,6,0,3,2,1
13_23_1,16,0,5,8,7
13_23_10,11,0,0,3,1
13_23_11,11,1,3,3,5
13_23_2,8,4,2,0,3
13_23_3,16,2,10,4,6
13_23_4,7,0,2,6,3
13_23_5,5,2,3,2,2
13_23_6,5,1,4,6,19
13_23_7,5,2,1,2,5
13_23_8,13,1,3,5,22
13_23_9,7,1,5,4,11
13_24_1,3,0,3,0,0
13_24_10,16,0,0,0,0
13_24_2,12,0,1,2,4
13_24_3,6,3,1,17,3
13_24_4,3,1,3,2,2
13_24_5,5,1,7,6,2
13_24_6,12,1,1,0,2
13_24_7,7,1,0,12,0
13_24_8,6,0,2,8,1
13_24_9,8,0,5,4,2
13_25_1,5,0,2,9,0
13_25_2,8,0,1,14,7
13_25_3,3,3,1,7,0
13_25_4,6,8,2,4,0
13_25_5,10,0,0,2,1
13_25_6,13,1,2,2,0
13_25_7,25,6,4,5,21
13_25_8,13,4,2,2,2
13_26_1,6,1,1,19,0
13_26_10,9,0,0,6,2
13_26_11,13,2,0,18,9
13_26_2,6,1,4,16,1
13_26_3,10,2,1,4,0
13_26_4,8,1,1,18,3
13_26_5,21,0,1,15,1
13_26_6,4,1,3,24,0
13_26_7,16,0,0,6,1
13_26_8,7,0,1,6,0
13_26_9,8,0,1,2,3
13_27_1,10,0,1,3,3
13_27_2,10,4,0,7,2
13_27_3,11,5,0,13,7
13_27_4,25,3,3,11,9
13_27_5,5,1,1,7,0
13_27_6,17,2,5,15,12
13_27_7,19,1,4,18,15
13_27_8,10,0,1,9,3
13_27_9,13,1,8,7,4
13_28_1,28,8,2,6,3
13_28_10,7,1,6,8,3
13_28_2,5,0,0,4,7
13_28_3,9,4,1,20,2
13_28_4,4,0,2,1,2
13_28_5,4,1,2,3,0
13_28_6,9,0,1,2,7
13_28_7,6,1,1,5,11
13_28_8,15,0,10,6,2
13_28_9,9,1,2,2,1
13_29_1,7,7,0,6,3
13_29_10,6,1,3,2,1
13_29_11,12,1,5,1,3
13_29_2,4,0,1,8,1
13_29_3,5,1,0,3,0
13_29_4,11,0,0,8,2
13_29_5,11,0,3,3,0
13_29_6,6,1,1,6,2
13_29_7,32,0,2,8,2
13_29_8,13,4,8,10,2
13_29_9,5,0,0,2,0
13_3_1,6,0,1,5,3
13_3_10,8,1,5,5,6
13_3_2,2,0,5,4,6
13_3_3,16,3,3,12,8
13_3_4,9,1,7,3,8
13_3_5,5,1,3,3,6
13_3_6,6,0,0,1,0
13_3_7,8,2,0,27,1
13_3_8,3,1,0,2,2
13_3_9,23,4,3,24,1
13_4_1,3,2,2,12,6
13_4_10,3,0,4,5,3
13_4_11,23,3,0,10,0
13_4_12,23,5,2,32,5
13_4_13,7,1,2,10,0
13_4_14,8,2,5,2,6
13_4_2,5,1,3,8,2
13_4_3,7,1,1,4,3
13_4_4,7,1,5,7,2
13_4_5,5,4,1,18,0
13_4_6,5,5,1,10,3
13_4_7,3,1,5,6,2
13_4_8,2,8,2,1,10
13_4_9,8,1,2,22,1
13_5_1,4,3,3,9,0
13_5_2,14,9,2,14,6
13_5_3,12,4,5,5,2
13_5_4,13,1,2,9,3
13_5_5,9,12,2,23,5
13_5_6,5,0,6,9,0
13_5_7,8,1,0,6,6
13_5_8,8,2,2,14,1
13_6_1,2,1,0,0,0
13_6_2,18,4,2,20,0
13_6_3,11,3,5,4,0
13_6_4,6,5,4,11,1
13_6_5,5,2,1,6,8
13_6_6,8,6,3,17,6
13_6_7,5,4,1,96,0
13_6_8,10,1,0,20,0
13_7_1,10,2,3,1,0
13_7_2,3,2,0,6,0
13_7_3,17,1,6,12,3
13_7_4,8,1,2,3,2
13_7_5,9,4,2,9,7
13_7_6,4,2,2,5,1
13_7_7,2,0,3,1,4
13_7_8,6,0,5,1,4
13_7_9,11,5,0,1,5
13_8_1,5,0,0,1,8
13_8_10,12,1,7,6,3
13_8_2,11,1,4,7,3
13_8_3,7,2,0,2,3
13_8_4,7,5,2,16,2
13_8_5,11,1,2,6,4
13_8_6,4,0,2,6,1
13_8_7,8,0,2,2,3
13_8_8,17,4,7,6,4
13_8_9,10,0,7,3,1
13_9_1,3,2,1,6,1
13_9_10,6,1,2,10,1
13_9_2,7,0,5,6,1
13_9_3,5,0,6,2,6
13_9_4,4,0,0,28,2
13_9_5,11,1,17,3,7
13_9_6,10,0,0,7,1
13_9_7,6,0,2,1,10
13_9_8,9,0,5,1,0
13_9_9,11,4,6,4,2
14_1_1,10,0,2,0,3
14_1_10,14,6,12,7,2
14_1_2,12,0,2,54,6
14_1_3,24,0,4,3,7
14_1_4,12,1,6,2,9
14_1_5,19,1,2,17,8
14_1_6,11,2,4,7,2
14_1_7,5,5,11,8,5
14_1_8,28,3,6,9,0
14_1_9,18,1,10,2,3
14_10_1,0,1,1,0,0
14_11_1,8,1,3,3,14
14_11_10,4,6,2,5,12
14_11_11,10,0,0,1,9
14_11_12,16,1,18,4,16
14_11_13,15,2,10,1,12
14_11_14,12,4,5,7,3
14_11_2,20,2,3,3,4
14_11_3,9,2,0,8,5
14_11_4,34,1,5,3,1
14_11_5,19,1,8,3,7
14_11_6,14,5,11,10,1
14_11_7,9,1,7,7,14
14_11_8,16,4,5,6,20
14_11_9,12,3,7,16,19
14_12_1,4,3,0,9,0
14_12_10,5,12,7,2,13
14_12_11,10,1,8,9,2
14_12_2,17,9,4,33,4
14_12_3,8,2,4,4,2
14_12_4,32,1,3,17,1
14_12_5,7,6,5,10,8
14_12_6,10,0,1,12,5
14_12_7,3,2,1,3,6
14_12_8,2,1,3,2,6
14_12_9,7,2,9,7,3
14_13_1,40,10,4,69,1
14_13_10,6,0,1,34,5
14_13_11,12,3,5,7,20
14_13_12,6,7,13,3,6
14_13_2,7,5,4,14,6
14_13_3,13,3,5,3,4
14_13_4,8,0,3,12,0
14_13_5,16,4,1,11,2
14_13_6,8,2,0,4,1
14_13_7,2,0,7,1,2
14_13_8,12,1,2,10,6
14_13_9,7,2,6,23,2
14_14_1,8,2,13,6,16
14_14_10,7,0,2,8,6
14_14_11,5,1,0,7,1
14_14_2,6,2,4,1,2
14_14_3,5,0,2,5,21
14_14_4,5,2,0,5,2
14_14_5,3,1,1,12,6
14_14_6,4,3,2,3,6
14_14_7,0,1,0,14,0
14_14_8,10,0,5,3,18
14_14_9,10,11,4,8,8
14_15_1,5,0,12,11,9
14_15_2,11,3,0,8,31
14_15_3,6,1,6,5,5
14_15_4,10,4,6,4,8
14_15_5,14,5,1,18,12
14_15_6,10,4,1,15,17
14_15_7,9,7,2,3,2
14_15_8,14,3,8,16,13
14_16_1,19,8,5,3,12
14_16_2,16,1,1,4,3
14_16_3,13,0,7,12,10
14_16_4,23,2,11,4,4
14_16_5,30,4,6,6,2
14_16_6,8,0,0,3,1
14_16_7,15,1,1,6,3
14_17_1,11,3,4,5,1
14_17_2,29,0,3,6,4
14_17_3,12,3,4,4,1
14_17_4,4,0,2,2,4
14_17_5,20,0,5,4,3
14_17_6,15,5,0,3,6
14_17_7,17,2,4,10,6
14_17_8,13,5,6,5,6
14_18_1,5,1,6,5,0
14_18_2,12,0,3,3,13
14_18_3,18,3,1,5,2
14_18_4,22,4,5,2,7
14_18_5,12,4,7,4,0
14_18_6,4,0,2,3,2
14_18_7,9,3,2,5,7
14_18_8,5,1,0,7,5
14_19_1,11,1,2,4,3
14_19_2,10,9,4,5,16
14_19_3,7,0,6,2,19
14_19_4,11,0,9,7,18
14_19_5,22,6,2,12,9
14_2_1,19,5,6,3,2
14_2_10,16,1,0,4,14
14_2_2,13,1,3,0,4
14_2_3,15,1,2,3,3
14_2_4,13,1,6,8,6
14_2_5,9,2,3,2,4
14_2_6,11,2,3,1,7
14_2_7,11,2,4,9,3
14_2_8,24,0,5,7,1
14_2_9,9,0,3,5,4
14_20_1,13,2,1,4,10
14_20_2,22,4,8,7,7
14_20_3,17,0,2,15,5
14_20_4,17,0,3,10,1
14_20_5,5,4,1,4,10
14_20_6,5,0,5,1,5
14_20_7,8,1,0,2,0
14_21_1,12,2,27,12,16
14_21_10,14,3,3,18,6
14_21_11,4,4,2,9,7
14_21_2,23,1,6,8,0
14_21_3,0,0,0,5,0
14_21_4,2,2,1,5,2
14_21_5,7,1,1,3,1
14_21_6,9,2,0,21,0
14_21_7,5,3,2,98,11
14_21_8,12,2,2,5,10
14_21_9,8,0,5,11,2
14_22_1,8,2,0,6,4
14_22_10,10,2,9,3,4
14_22_2,15,0,2,16,3
14_22_3,5,1,1,0,1
14_22_4,6,4,2,2,2
14_22_5,10,1,4,16,2
14_22_6,12,1,5,3,9
14_22_7,10,2,2,11,4
14_22_8,10,4,3,3,8
14_22_9,17,10,5,19,17
14_23_1,11,0,6,4,3
14_23_10,6,1,3,11,9
14_23_11,18,5,2,10,26
14_23_2,0,1,2,4,8
14_23_3,5,3,3,1,10
14_23_4,7,6,0,1,6
14_23_5,9,2,3,9,24
14_23_6,8,2,0,5,2
14_23_7,11,6,3,4,12
14_23_8,17,5,1,20,14
14_23_9,24,10,4,7,16
14_24_1,7,1,3,11,1
14_24_2,2,1,1,0,0
14_24_3,2,0,1,4,5
14_24_4,5,1,4,12,1
14_24_5,11,0,4,5,3
14_24_6,8,4,1,12,6
14_24_7,2,6,3,1,4
14_24_8,5,3,5,3,5
14_24_9,6,1,1,1,7
14_25_1,8,2,0,7,2
14_25_2,2,4,0,0,1
14_25_3,11,1,0,1,2
14_25_4,7,0,2,2,0
14_25_5,2,5,2,2,7
14_25_6,3,1,6,1,7
14_25_7,19,0,2,3,6
14_25_8,7,2,2,2,2
14_25_9,7,0,1,6,8
14_26_1,9,3,9,5,3
14_26_2,10,4,3,9,23
14_26_3,5,0,0,1,1
14_26_4,13,3,15,3,15
14_26_5,11,0,12,6,3
14_26_6,11,1,4,5,4
14_26_7,21,1,5,10,2
14_27_1,13,1,4,3,5
14_27_2,14,6,1,17,8
14_27_3,4,0,3,0,7
14_27_4,12,0,5,6,2
14_27_5,14,5,1,1,12
14_27_6,4,2,1,3,2
14_27_7,3,0,3,2,1
14_28_1,5,1,3,0,7
14_28_10,6,3,8,7,8
14_28_11,16,0,2,0,0
14_28_12,8,6,1,0,8
14_28_2,8,3,3,6,3
14_28_3,4,2,2,3,3
14_28_4,10,0,1,3,7
14_28_5,6,1,6,1,4
14_28_6,10,2,6,4,4
14_28_7,12,1,3,2,8
14_28_8,7,1,2,5,7
14_28_9,9,0,4,4,4
14_29_1,7,0,4,2,2
14_29_10,11,0,2,3,3
14_29_11,7,1,3,4,3
14_29_2,25,14,3,22,9
14_29_3,6,0,6,1,18
14_29_4,17,4,5,8,5
14_29_5,6,1,4,2,8
14_29_6,4,2,6,12,14
14_29_7,10,4,6,4,14
14_29_8,13,2,4,1,4
14_29_9,12,2,5,7,2
14_3_1,28,3,14,8,14
14_3_10,11,0,4,9,6
14_3_11,8,2,2,3,17
14_3_12,14,1,3,3,5
14_3_2,8,0,4,1,5
14_3_3,5,0,0,3,2
14_3_4,13,1,7,7,16
14_3_5,5,5,1,9,10
14_3_6,3,0,0,0,0
14_3_7,4,5,1,1,3
14_3_8,10,2,3,7,1
14_3_9,13,1,9,0,4
14_30_1,18,5,0,12,6
14_30_2,21,3,3,4,5
14_30_3,15,2,9,9,9
14_30_4,5,0,8,3,9
14_30_5,30,1,7,1,1
14_30_6,10,0,0,1,0
14_30_7,13,0,3,4,8
14_30_8,38,3,13,8,9
14_30_9,24,7,4,10,7
14_31_1,16,4,3,4,3
14_31_10,23,1,3,5,1
14_31_11,7,0,0,2,1
14_31_12,19,1,4,8,2
14_31_2,19,1,6,9,7
14_31_3,20,4,2,6,3
14_31_4,21,1,6,5,4
14_31_5,17,1,3,5,4
14_31_6,20,1,8,10,6
14_31_7,16,1,4,20,2
14_31_8,26,6,3,12,4
14_31_9,26,2,4,5,0
14_4_1,9,5,11,5,14
14_4_10,17,2,5,16,11
14_4_2,14,2,0,1,0
14_4_3,13,3,6,6,1
14_4_4,11,0,2,6,2
14_4_5,14,2,4,4,10
14_4_6,8,5,7,6,2
14_4_7,6,1,8,2,10
14_4_8,6,13,10,14,11
14_4_9,8,7,7,7,14
14_5_1,15,5,3,2,0
14_5_10,6,1,1,6,4
14_5_2,7,0,2,6,2
14_5_3,9,2,0,6,11
14_5_4,8,0,3,0,3
14_5_5,13,3,10,8,8
14_5_6,9,0,1,4,4
14_5_7,18,0,5,3,2
14_5_8,5,0,1,10,6
14_5_9,9,2,3,9,7
14_6_1,13,0,6,6,5
14_6_10,4,0,1,10,0
14_6_2,21,3,5,23,12
14_6_3,27,5,0,12,5
14_6_4,6,2,1,2,6
14_6_5,5,2,5,33,4
14_6_6,16,6,3,6,11
14_6_7,5,2,1,5,2
14_6_8,10,0,0,3,2
14_6_9,8,2,1,2,29
14_7_1,21,1,7,72,1
14_7_2,12,2,6,14,6
14_7_3,16,7,2,3,2
14_7_4,12,0,1,0,4
14_7_5,18,4,10,24,6
14_7_6,11,6,6,1,1
14_7_7,13,7,3,8,3
14_7_8,5,5,9,3,5
14_7_9,6,1,4,20,9
14_8_1,10,2,3,0,9
14_8_2,13,5,0,7,4
14_8_3,6,0,0,9,10
14_8_4,5,2,2,14,6
14_8_5,13,4,6,6,18
14_8_6,10,3,5,7,9
14_8_7,16,8,3,1,9
14_8_8,26,1,7,21,3
14_8_9,19,36,10,11,17
14_9_1,15,7,3,3,12
14_9_10,4,6,5,10,11
14_9_11,6,0,1,5,8
14_9_12,11,4,3,10,9
14_9_13,8,5,3,4,3
14_9_2,2,0,1,2,9
14_9_3,10,1,7,6,4
14_9_4,10,0,2,8,4
14_9_5,5,2,2,1,4
14_9_6,11,0,0,11,1
14_9_7,8,1,0,6,2
14_9_8,13,1,9,5,6
14_9_9,9,1,7,3,5
15_1_1,3,0,0,3,3
15_1_10,5,0,2,1,0
15_1_11,3,0,1,0,0
15_1_12,13,5,2,11,0
15_1_2,7,2,5,2,1
15_1_3,6,1,4,4,0
15_1_4,5,1,0,18,0
15_1_5,9,1,2,3,0
15_1_6,4,2,1,7,0
15_1_7,3,2,1,1,0
15_1_8,2,1,0,7,0
15_1_9,5,0,1,9,1
15_10_1,3,0,2,6,1
15_10_10,13,4,3,37,2
15_10_11,2,3,3,5,2
15_10_12,26,2,2,14,2
15_10_13,11,6,3,13,6
15_10_2,10,3,0,1,4
15_10_3,10,1,3,37,4
15_10_4,12,1,2,14,1
15_10_5,7,0,2,6,0
15_10_6,10,1,2,0,3
15_10_7,17,4,0,3,0
15_10_8,17,1,2,8,3
15_10_9,14,2,0,28,0
15_11_1,10,5,1,8,0
15_11_10,43,3,0,14,0
15_11_11,19,2,2,19,28
15_11_12,14,2,3,11,17
15_11_13,12,1,0,25,0
15_11_2,13,1,4,6,1
15_11_3,8,3,0,9,1
15_11_4,11,1,4,4,8
15_11_5,12,6,1,9,1
15_11_6,15,11,3,20,5
15_11_7,16,7,0,10,0
15_11_8,13,4,1,16,0
15_11_9,24,7,6,21,0
15_12_1,17,18,2,83,0
15_12_2,20,7,2,24,2
15_12_3,15,3,1,66,3
15_12_4,5,2,2,19,1
15_12_5,23,0,0,50,4
15_12_6,10,3,3,26,4
15_12_7,14,0,1,8,1
15_12_8,12,1,0,13,0
15_12_9,14,0,0,28,0
15_13_1,20,1,5,29,6
15_13_10,4,1,2,5,0
15_13_2,3,10,1,7,0
15_13_3,33,0,2,10,2
15_13_4,7,6,2,8,5
15_13_5,6,0,3,7,1
15_13_6,10,11,2,11,1
15_13_7,3,1,1,4,4
15_13_8,3,4,5,0,1
15_13_9,10,0,0,14,8
15_14_1,21,2,4,30,1
15_14_10,27,6,2,13,4
15_14_11,33,10,1,61,5
15_14_2,6,2,3,6,38
15_14_3,11,2,3,9,0
15_14_4,4,2,1,1,1
15_14_5,7,9,5,5,2
15_14_6,5,5,2,16,4
15_14_7,7,2,2,7,5
15_14_8,26,12,1,68,7
15_14_9,39,0,3,14,0
15_15_1,11,3,2,11,0
15_15_10,25,11,2,19,5
15_15_2,17,0,2,10,4
15_15_3,4,2,2,4,2
15_15_4,45,38,4,18,4
15_15_5,34,12,3,16,0
15_15_6,38,14,1,34,0
15_15_7,34,21,6,28,0
15_15_8,17,7,0,17,2
15_15_9,16,4,1,8,7
15_16_1,32,21,0,30,6
15_16_10,27,5,0,2,1
15_16_11,6,0,1,10,0
15_16_2,21,29,0,18,1
15_16_3,13,5,0,8,7
15_16_4,12,3,3,5,0
15_16_5,7,0,0,16,0
15_16_6,2,9,2,10,2
15_16_7,16,6,1,27,0
15_16_8,14,1,2,12,1
15_16_9,6,1,3,5,2
15_17_1,18,2,4,8,2
15_17_10,8,4,5,7,1
15_17_11,27,0,1,5,2
15_17_12,6,7,0,14,1
15_17_2,9,1,2,2,0
15_17_3,7,9,0,5,5
15_17_4,25,0,1,37,0
15_17_5,13,5,5,37,0
15_17_6,9,2,1,7,0
15_17_7,24,4,1,5,0
15_17_8,5,2,0,14,0
15_17_9,13,1,2,24,0
15_18_1,9,6,1,7,2
15_18_10,12,0,0,9,2
15_18_11,3,2,2,3,3
15_18_12,6,3,0,9,5
15_18_13,18,5,3,6,1
15_18_2,9,2,1,14,0
15_18_3,9,1,4,2,0
15_18_4,12,2,0,14,0
15_18_5,4,2,0,11,1
15_18_6,11,6,0,12,0
15_18_7,14,0,0,4,0
15_18_8,9,13,1,1,1
15_18_9,4,0,0,0,0
15_19_1,5,1,0,3,2
15_19_10,7,6,5,13,4
15_19_11,10,1,4,13,0
15_19_2,10,0,4,8,3
15_19_3,5,4,0,7,2
15_19_4,9,0,2,14,6
15_19_5,15,0,0,14,1
15_19_6,7,5,0,10,1
15_19_7,7,0,2,7,0
15_19_8,7,3,3,4,1
15_19_9,5,0,1,0,2
15_2_1,5,2,2,8,0
15_2_10,8,0,1,3,1
15_2_2,10,2,2,3,0
15_2_3,7,0,0,11,0
15_2_4,2,0,0,1,0
15_2_5,4,1,0,0,1
15_2_6,2,0,2,4,1
15_2_7,3,2,7,0,0
15_2_8,1,0,1,0,0
15_2_9,4,3,1,7,0
15_20_1,14,7,1,2,0
15_20_10,16,1,0,11,10
15_20_11,7,3,4,2,1
15_20_12,5,1,1,25,8
15_20_2,22,5,4,2,2
15_20_3,13,6,3,10,3
15_20_4,4,3,2,4,2
15_20_5,9,1,1,14,1
15_20_6,10,8,1,6,4
15_20_7,13,2,6,16,0
15_20_8,11,6,4,0,0
15_20_9,8,18,0,8,6
15_21_1,13,3,0,5,3
15_21_10,3,7,2,17,4
15_21_11,7,3,4,6,3
15_21_12,13,1,0,47,4
15_21_13,15,4,2,28,2
15_21_2,14,5,0,13,2
15_21_3,16,7,1,2,7
15_21_4,8,6,3,2,0
15_21_5,8,2,1,3,1
15_21_6,15,6,3,33,3
15_21_7,17,1,0,0,0
15_21_8,11,3,0,8,4
15_21_9,14,1,2,11,0
15_3_1,7,0,0,8,0
15_3_10,17,1,3,9,2
15_3_11,10,1,0,15,1
15_3_12,18,1,3,72,1
15_3_13,5,0,2,11,1
15_3_2,4,1,0,5,0
15_3_3,8,1,0,6,3
15_3_4,5,3,2,8,0
15_3_5,38,3,3,17,5
15_3_6,11,5,0,4,0
15_3_7,15,2,1,6,4
15_3_8,12,2,1,3,4
15_3_9,8,2,1,12,1
15_4_1,19,2,2,16,0
15_4_10,15,0,0,17,0
15_4_11,13,2,5,23,0
15_4_12,18,1,1,28,0
15_4_13,19,4,0,1,1
15_4_14,17,24,0,112,0
15_4_2,6,0,4,7,0
15_4_3,5,0,6,3,7
15_4_4,9,0,0,8,0
15_4_5,10,1,1,11,0
15_4_6,12,0,3,32,3
15_4_7,4,3,0,24,0
15_4_8,12,5,2,54,2
15_4_9,34,3,3,16,1
15_5_1,2,0,2,19,4
15_5_10,12,0,1,10,4
15_5_11,7,5,0,16,2
15_5_12,4,12,1,4,4
15_5_13,6,7,3,0,0
15_5_14,4,2,1,8,2
15_5_2,13,1,2,6,1
15_5_3,11,3,0,3,0
15_5_4,13,10,0,27,0
15_5_5,12,3,1,21,0
15_5_6,5,1,0,0,0
15_5_7,4,1,1,3,0
15_5_8,13,2,1,12,0
15_5_9,27,11,1,6,1
15_6_1,7,0,0,2,1
15_6_2,6,2,1,4,1
15_6_3,2,6,3,4,1
15_6_4,6,0,2,7,0
15_6_5,8,1,0,6,1
15_6_6,2,1,0,1,0
15_6_7,6,3,1,21,1
15_7_1,24,10,1,28,1
15_7_10,20,17,0,73,1
15_7_11,17,22,1,14,0
15_7_12,8,11,1,8,0
15_7_2,10,4,0,14,0
15_7_3,9,7,1,8,0
15_7_4,47,10,4,17,0
15_7_5,22,28,0,14,0
15_7_6,53,5,0,201,0
15_7_7,9,4,3,12,1
15_7_8,18,19,2,22,2
15_7_9,21,31,2,31,0
15_8_1,33,35,3,42,0
15_8_10,9,7,1,19,0
15_8_2,37,24,1,18,1
15_8_3,16,6,1,20,1
15_8_4,32,23,2,45,0
15_8_5,9,12,1,46,0
15_8_6,11,0,0,8,0
15_8_7,8,7,1,29,0
15_8_8,15,10,1,23,0
15_8_9,23,11,3,39,1
15_9_1,9,1,2,5,2
15_9_2,4,0,0,6,2
15_9_3,5,2,0,3,0
15_9_4,39,26,1,54,0
15_9_5,15,5,3,44,0
15_9_6,39,7,3,20,0
15_9_7,43,15,0,40,1
15_9_8,173,49,0,848,2
2_1_1,4,0,0,0,0
2_1_2,9,4,0,15,0
2_10_1,9,1,6,6,9
2_10_2,14,0,3,4,4
2_10_3,1,0,2,2,10
2_10_4,6,1,0,6,3
2_10_5,11,1,7,8,15
2_10_6,4,1,10,6,11
2_10_7,7,2,5,3,2
2_10_8,9,4,4,3,5
2_10_9,11,0,0,6,3
2_11_1,25,1,4,14,3
2_11_2,6,2,2,1,3
2_11_3,28,11,6,31,2
2_11_4,30,6,2,7,3
2_11_5,4,2,2,2,0
2_11_6,8,0,3,2,7
2_12_1,14,2,5,10,3
2_12_2,18,16,2,12,4
2_12_3,11,11,1,4,4
2_12_4,14,5,2,9,14
2_12_5,27,2,5,5,6
2_12_6,12,2,0,3,5
2_13_1,8,2,6,9,18
2_13_2,5,0,1,8,5
2_13_3,8,1,6,4,11
2_13_4,3,1,5,11,8
2_13_5,9,5,17,7,19
2_13_6,9,1,6,5,3
2_13_7,17,2,1,5,14
2_14_1,14,3,1,2,0
2_14_10,5,2,8,11,6
2_14_2,6,2,3,4,14
2_14_3,7,0,1,2,4
2_14_4,11,0,2,3,3
2_14_5,10,4,0,10,4
2_14_6,7,1,1,5,6
2_14_7,10,2,4,4,5
2_14_8,9,1,7,4,10
2_14_9,34,3,9,27,12
2_15_1,10,4,1,1,2
2_15_2,13,4,4,5,6
2_15_3,19,2,6,5,7
2_15_4,8,1,2,1,4
2_15_5,5,0,1,3,14
2_15_6,8,0,0,2,1
2_15_7,16,2,6,9,15
2_15_8,13,5,3,4,4
2_16_1,11,8,36,4,14
2_16_2,17,0,6,6,6
2_16_3,11,0,3,8,3
2_16_4,10,2,7,3,6
2_16_5,11,1,4,11,3
2_16_6,17,1,2,4,3
2_16_7,6,0,11,7,7
2_16_8,10,2,0,2,1
2_17_1,15,6,7,11,5
2_17_2,16,4,4,4,3
2_17_3,9,5,9,7,4
2_17_4,5,2,1,2,3
2_17_5,11,7,6,2,2
2_17_6,13,2,6,4,12
2_17_7,15,0,9,14,16
2_17_8,16,5,9,12,2
2_17_9,7,7,4,12,9
2_18_1,8,8,5,9,13
2_18_2,11,1,1,13,10
2_18_3,5,4,2,11,1
2_18_4,16,10,7,14,4
2_18_5,4,2,3,7,6
2_18_6,11,2,4,0,0
2_18_7,6,6,7,9,2
2_18_8,19,5,7,18,9
2_19_1,6,3,2,4,6
2_19_2,14,3,0,3,1
2_19_3,9,2,3,26,5
2_19_4,21,12,4,18,3
2_19_5,6,0,6,4,5
2_19_6,6,1,4,4,11
2_19_7,6,0,6,4,7
2_19_8,14,4,0,22,9
2_2_1,17,1,6,16,3
2_2_2,26,2,7,7,5
2_2_3,24,3,0,11,4
2_2_4,18,7,3,5,0
2_2_5,8,1,2,6,5
2_2_6,18,0,3,2,0
2_2_7,9,0,1,1,4
2_2_8,15,6,7,5,22
2_20_1,23,1,3,8,5
2_20_2,12,5,5,20,6
2_20_3,12,3,11,17,9
2_20_4,11,1,1,5,9
2_20_5,4,0,1,3,8
2_20_6,8,10,1,6,13
2_20_7,4,0,6,3,28
2_20_8,5,6,4,6,3
2_21_1,11,2,1,9,10
2_21_2,12,2,6,9,5
2_21_3,5,5,1,18,7
2_21_4,9,1,3,8,13
2_21_5,9,1,3,4,10
2_21_6,5,4,3,6,15
2_22_1,13,4,1,5,9
2_22_2,9,1,1,5,1
2_22_3,3,0,2,1,1
2_22_4,9,5,1,0,13
2_22_5,10,3,4,1,9
2_22_6,11,3,1,13,9
2_23_1,16,5,3,7,5
2_23_2,7,1,2,5,9
2_23_3,9,3,7,2,8
2_23_4,25,3,1,4,13
2_23_5,10,0,0,6,8
2_23_6,4,2,4,2,2
2_23_7,4,0,2,5,17
2_23_8,12,1,3,4,1
2_23_9,6,2,5,16,11
2_24_1,8,4,5,4,6
2_24_2,10,1,7,3,5
2_24_3,16,1,5,3,5
2_24_4,17,8,3,6,3
2_24_5,10,3,5,4,10
2_24_6,7,3,4,7,9
2_25_1,3,0,1,4,9
2_25_10,13,4,1,1,6
2_25_11,15,6,5,34,7
2_25_2,3,0,6,6,2
2_25_3,20,10,4,3,4
2_25_4,12,0,5,6,4
2_25_5,8,2,9,8,18
2_25_6,17,2,8,5,8
2_25_7,12,4,0,4,13
2_25_8,19,3,5,13,8
2_25_9,16,1,3,12,24
2_3_1,20,1,7,6,5
2_3_2,14,5,5,4,22
2_3_3,2,0,4,1,2
2_3_4,6,1,2,1,0
2_3_5,6,0,4,2,2
2_3_6,9,4,65,5,11
2_3_7,17,5,3,6,4
2_3_8,16,1,0,6,1
2_4_1,10,5,5,7,9
2_4_10,18,2,10,15,1
2_4_2,6,0,4,3,2
2_4_3,21,1,2,4,3
2_4_4,17,3,17,0,1
2_4_5,15,0,4,7,4
2_4_6,18,1,6,5,1
2_4_7,19,1,21,5,4
2_4_8,21,0,14,4,13
2_4_9,22,1,7,8,4
2_5_1,21,0,14,8,4
2_5_2,22,3,7,9,4
2_5_3,26,5,15,9,10
2_5_4,13,5,1,5,3
2_5_5,24,3,6,10,2
2_5_6,19,1,1,11,3
2_5_7,13,3,1,5,5
2_5_8,15,5,0,1,3
2_5_9,28,0,3,1,1
2_6_1,19,1,2,5,0
2_6_10,11,0,3,9,1
2_6_2,25,2,9,12,3
2_6_3,22,3,3,4,0
2_6_4,28,0,2,4,5
2_6_5,11,1,1,5,1
2_6_6,13,6,2,15,5
2_6_7,10,1,3,3,0
2_6_8,8,1,0,31,0
2_6_9,3,3,4,1,4
2_7_1,35,6,7,10,6
2_7_2,15,1,10,5,10
2_7_3,19,0,7,3,7
2_7_4,21,3,3,8,1
2_7_5,11,4,0,2,2
2_7_6,6,1,4,6,1
2_7_7,16,3,19,8,13
2_7_8,6,1,0,22,3
2_7_9,6,4,0,3,5
2_8_1,11,1,6,3,3
2_8_2,10,2,1,6,0
2_8_3,12,2,5,4,10
2_8_4,24,0,4,5,13
2_8_5,11,4,5,5,15
2_8_6,16,3,8,14,19
2_8_7,31,4,8,18,13
2_8_8,18,0,1,7,4
2_9_1,15,1,14,10,4
2_9_2,6,2,7,7,3
2_9_3,6,4,1,3,5
2_9_4,14,2,3,4,5
2_9_5,19,3,2,6,6
2_9_6,8,3,4,4,6
2_9_7,16,5,11,13,15
2_9_8,14,2,11,11,7
2_9_9,20,2,3,5,14
3_1_1,20,26,24,77,3
3_1_10,15,9,0,71,1
3_1_11,18,8,9,25,4
3_1_2,14,4,24,39,8
3_1_3,20,3,7,42,16
3_1_4,12,0,3,31,3
3_1_5,19,13,4,77,5
3_1_6,19,21,1,116,1
3_1_7,44,4,8,204,7
3_1_8,50,7,5,112,3
3_1_9,7,2,2,32,6
3_10_1,27,17,1,65,1
3_10_2,8,10,1,113,5
3_10_3,18,19,3,134,1
3_10_4,1,17,2,44,1
3_10_5,17,4,5,40,1
3_10_6,14,7,1,306,6
3_10_7,5,12,1,74,9
3_10_8,18,7,0,36,0
3_11_1,13,9,1,24,6
3_11_2,9,9,2,54,7
3_11_3,24,13,2,185,8
3_11_4,20,10,36,21,11
3_11_5,24,6,2,34,4
3_11_6,26,8,2,21,1
3_11_7,11,7,5,29,3
3_11_8,12,4,4,21,3
3_12_1,9,7,2,18,1
3_12_10,39,17,3,175,0
3_12_2,13,4,1,37,2
3_12_3,10,5,6,14,0
3_12_4,2,1,0,17,4
3_12_5,9,4,1,23,15
3_12_6,7,5,3,25,1
3_12_7,17,10,0,29,6
3_12_8,14,1,2,6,1
3_12_9,8,1,5,12,0
3_13_1,15,7,3,53,0
3_13_10,4,9,1,131,0
3_13_11,18,5,1,44,4
3_13_2,30,3,0,61,7
3_13_3,23,6,1,53,6
3_13_4,16,8,2,49,0
3_13_5,12,4,3,6,4
3_13_6,19,2,2,64,7
3_13_7,5,8,0,15,8
3_13_8,17,4,1,7,7
3_13_9,18,2,0,13,0
3_14_1,31,8,4,61,8
3_14_10,23,14,2,63,2
3_14_2,18,17,4,56,5
3_14_3,31,19,4,113,7
3_14_4,21,11,0,94,3
3_14_5,16,5,1,138,5
3_14_6,28,5,2,35,0
3_14_7,6,1,1,63,0
3_14_8,10,5,0,75,1
3_14_9,5,0,0,50,1
3_15_1,15,14,3,28,1
3_15_2,26,10,1,75,6
3_15_3,54,2,4,16,0
3_15_4,7,12,5,39,7
3_15_5,10,9,2,60,6
3_15_6,22,13,1,33,8
3_15_7,34,12,6,87,7
3_15_8,27,13,5,71,3
3_15_9,3,0,0,36,0
3_16_1,30,3,2,41,2
3_16_2,35,5,11,40,4
3_16_3,33,8,2,51,4
3_16_4,5,14,2,25,0
3_16_5,20,3,0,93,3
3_16_6,20,3,0,55,1
3_16_7,30,8,3,66,3
3_16_8,37,12,2,36,1
3_16_9,23,3,4,30,0
3_17_1,22,2,2,45,0
3_17_2,23,10,1,53,3
3_17_3,3,15,1,21,9
3_17_4,12,28,2,71,0
3_17_5,16,14,1,57,0
3_17_6,18,6,2,35,4
3_17_7,32,13,2,19,2
3_17_8,47,17,2,87,13
3_17_9,51,7,4,50,19
3_18_1,27,18,0,18,1
3_18_10,12,14,0,13,1
3_18_11,7,8,0,20,1
3_18_2,16,18,0,59,1
3_18_3,8,2,1,25,0
3_18_4,15,6,9,18,12
3_18_5,17,2,0,13,0
3_18_6,16,12,2,32,2
3_18_7,19,4,2,16,1
3_18_8,9,7,1,23,0
3_18_9,24,7,4,19,1
3_19_1,10,10,9,20,8
3_19_10,6,4,1,12,4
3_19_2,3,1,0,9,2
3_19_3,11,5,2,17,3
3_19_4,24,2,7,18,6
3_19_5,24,8,1,88,0
3_19_6,12,5,0,34,1
3_19_7,11,17,5,89,6
3_19_8,34,11,2,16,7
3_19_9,11,11,1,51,2
3_2_1,8,5,3,7,4
3_2_10,13,8,1,20,5
3_2_11,13,4,0,30,5
3_2_12,15,3,2,101,2
3_2_2,8,10,9,21,0
3_2_3,17,5,2,16,9
3_2_4,11,7,5,23,2
3_2_5,7,17,6,94,3
3_2_6,19,33,2,170,0
3_2_7,12,16,4,76,5
3_2_8,18,12,2,71,5
3_2_9,19,4,10,61,9
3_20_1,6,1,1,25,4
3_20_10,9,5,1,12,0
3_20_11,2,2,1,7,1
3_20_2,16,6,3,48,4
3_20_3,16,1,3,22,1
3_20_4,7,1,1,29,7
3_20_5,6,9,2,11,4
3_20_6,20,7,0,4,0
3_20_7,25,14,14,9,7
3_20_8,18,6,1,66,5
3_20_9,30,7,1,37,6
3_21_1,23,1,4,19,3
3_21_10,15,11,6,43,1
3_21_2,17,3,2,19,2
3_21_3,15,2,2,1,4
3_21_4,15,9,7,15,0
3_21_5,41,2,0,22,1
3_21_6,20,5,4,23,0
3_21_7,10,6,2,7,1
3_21_8,22,1,7,12,9
3_21_9,1,5,1,9,0
3_22_1,23,4,6,22,4
3_22_2,29,10,4,22,2
3_22_3,28,2,1,45,0
3_22_4,18,6,2,35,0
3_22_5,14,9,2,19,3
3_22_6,26,6,6,29,2
3_22_7,23,4,0,31,1
3_22_8,10,10,4,17,3
3_22_9,20,12,2,53,0
3_23_1,17,22,4,52,1
3_23_10,24,6,0,44,3
3_23_2,24,10,1,28,3
3_23_3,24,2,3,6,0
3_23_4,8,1,0,9,2
3_23_5,4,4,0,20,2
3_23_6,14,12,0,70,2
3_23_7,13,5,1,7,0
3_23_8,15,13,1,83,3
3_23_9,18,7,1,114,0
3_24_1,14,3,2,11,0
3_24_2,30,34,3,43,1
3_24_3,4,2,2,15,0
3_24_4,32,3,0,43,3
3_24_5,11,0,1,4,1
3_24_6,67,17,3,52,2
3_24_7,13,4,0,11,2
3_24_8,20,2,1,56,0
3_24_9,9,4,1,4,3
3_25_1,19,6,1,5,2
3_25_2,22,27,0,58,1
3_25_3,34,26,1,10,0
3_25_4,9,11,0,15,1
3_25_5,12,2,0,28,2
3_25_6,30,8,4,48,9
3_25_7,16,4,1,15,4
3_25_8,44,17,4,74,21
3_25_9,21,3,2,38,1
3_26_1,20,2,3,7,4
3_26_2,17,3,0,69,4
3_26_3,10,11,3,28,1
3_26_4,1,1,1,7,1
3_26_5,11,33,1,20,0
3_26_6,8,8,0,3,8
3_26_7,17,3,2,14,0
3_26_8,11,9,0,4,4
3_26_9,10,9,2,42,4
3_27_1,7,3,2,10,2
3_27_2,23,15,1,33,0
3_27_3,29,5,0,46,4
3_27_4,12,6,2,49,2
3_27_5,27,15,0,17,2
3_27_6,13,33,0,74,0
3_27_7,15,4,1,34,0
3_3_1,19,3,24,7,6
3_3_10,6,49,7,329,4
3_3_11,48,0,12,48,0
3_3_2,11,5,4,16,9
3_3_3,1,6,6,9,1
3_3_4,5,5,3,29,4
3_3_5,6,4,6,2,7
3_3_6,14,3,3,8,2
3_3_7,11,13,7,43,1
3_3_8,13,37,14,15,5
3_3_9,3,18,3,7,0
3_4_1,7,8,12,13,8
3_4_2,5,3,6,21,1
3_4_3,12,12,4,8,13
3_4_4,10,6,5,130,7
3_4_5,14,28,8,70,1
3_4_6,12,22,4,45,3
3_4_7,13,9,6,77,2
3_4_8,7,51,4,77,6
3_5_1,15,7,19,86,10
3_5_2,19,13,5,19,5
3_5_3,12,3,8,48,5
3_5_4,7,10,9,18,13
3_5_5,9,0,4,6,7
3_5_6,10,4,1,4,5
3_5_7,10,6,6,1,9
3_6_1,18,4,5,45,3
3_6_2,3,2,1,19,3
3_6_3,5,3,4,5,4
3_6_4,15,2,0,5,3
3_6_5,24,12,2,36,16
3_6_6,5,3,0,22,4
3_6_7,10,6,1,42,4
3_7_1,5,5,2,27,0
3_7_2,10,7,6,29,8
3_7_3,14,7,20,30,13
3_7_4,10,5,22,10,9
3_7_5,11,2,2,17,4
3_7_6,12,2,5,5,10
3_7_7,29,5,3,14,10
3_7_8,7,1,0,8,0
3_7_9,13,12,4,49,1
3_8_1,4,7,8,18,12
3_8_10,24,7,1,56,1
3_8_2,4,8,0,43,1
3_8_3,16,6,2,46,1
3_8_4,13,10,0,31,1
3_8_5,14,5,0,27,0
3_8_6,8,2,7,31,3
3_8_7,5,14,0,32,3
3_8_8,11,12,3,81,1
3_8_9,13,18,2,59,2
3_9_1,13,5,0,37,0
3_9_10,16,5,3,98,2
3_9_2,9,5,11,25,1
3_9_3,5,10,5,31,1
3_9_4,14,9,4,122,6
3_9_5,6,3,4,46,0
3_9_6,4,8,3,45,0
3_9_7,20,17,1,105,4
3_9_8,32,8,0,45,3
3_9_9,8,3,4,18,7
4_1_1,30,85,0,42,0
4_1_10,20,26,1,33,0
4_1_11,13,45,0,21,0
4_1_12,4,21,0,16,0
4_1_13,13,28,0,6,0
4_1_14,17,58,0,20,0
4_1_2,22,114,0,55,0
4_1_3,3,105,0,36,0
4_1_4,15,155,0,25,1
4_1_5,13,253,0,27,0
4_1_6,26,220,5,21,0
4_1_7,2,30,0,8,0
4_1_8,18,62,1,28,0
4_1_9,15,28,1,27,0
4_10_1,34,0,0,1,0
4_10_2,843,49,2,137,0
4_10_3,730,10,2,17,0
4_10_4,142,4,0,2,0
4_10_5,381,57,1,12,0
4_10_6,341,14,0,16,0
4_10_7,287,35,1,0,0
4_10_8,995,99,0,16,0
4_10_9,1055,17,0,11,0
4_11_1,22,8,2,8,0
4_11_2,12,1,5,23,0
4_11_3,17,1,0,8,0
4_11_4,9,0,0,0,0
4_11_5,18,7,1,0,0
4_11_6,83,1,1,14,0
4_11_7,158,18,0,108,0
4_11_8,15,2,0,12,0
4_11_9,54,18,0,23,0
4_12_1,32,7,1,36,0
4_12_10,40,20,1,36,2
4_12_11,3,0,1,0,0
4_12_12,10,0,0,2,3
4_12_2,28,5,0,27,0
4_12_3,18,13,0,43,0
4_12_4,30,29,0,43,0
4_12_5,17,2,0,10,0
4_12_6,17,6,0,41,0
4_12_7,16,15,0,4,0
4_12_8,11,2,0,0,0
4_12_9,4,0,0,1,0
4_13_1,8,0,5,0,0
4_13_10,4,0,0,0,0
4_13_11,8,0,1,5,1
4_13_2,5,0,1,7,1
4_13_3,7,0,0,25,0
4_13_4,4,0,0,5,1
4_13_5,7,2,2,0,0
4_13_6,24,10,0,1,0
4_13_7,10,1,1,0,0
4_13_8,7,6,0,0,0
4_13_9,6,0,0,0,0
4_14_1,46,6,0,27,1
4_14_2,29,1,3,27,1
4_14_3,21,9,1,32,7
4_14_4,15,8,3,4,3
4_14_5,5,2,2,6,1
4_14_6,5,0,1,1,0
4_14_7,19,2,0,16,3
4_14_8,41,6,4,27,0
4_14_9,19,10,3,12,17
4_15_1,17,3,2,2,0
4_15_10,10,2,0,5,0
4_15_2,21,4,2,8,3
4_15_3,5,0,1,2,1
4_15_4,5,17,1,0,0
4_15_5,2,1,0,0,0
4_15_6,15,1,0,8,1
4_15_7,6,0,1,1,0
4_15_8,9,0,2,0,0
4_15_9,8,3,3,11,0
4_16_1,1,4,0,7,0
4_16_10,32,7,1,6,1
4_16_2,46,31,5,42,4
4_16_3,18,1,0,23,1
4_16_4,7,1,2,8,0
4_16_5,27,2,3,9,0
4_16_6,8,0,2,1,0
4_16_7,9,1,8,1,0
4_16_8,28,2,0,9,3
4_16_9,50,3,2,36,1
4_17_1,3,0,2,2,0
4_17_10,44,8,2,19,0
4_17_2,14,5,0,6,0
4_17_3,20,8,4,8,0
4_17_4,9,2,1,1,1
4_17_5,5,0,0,0,0
4_17_6,2,1,1,1,6
4_17_7,8,0,2,3,0
4_17_8,79,9,2,41,1
4_17_9,4,0,0,1,1
4_18_1,2,0,14,1,0
4_19_1,31,3,0,33,5
4_19_10,41,4,1,17,0
4_19_2,28,4,1,6,0
4_19_3,69,6,1,13,0
4_19_4,69,4,0,43,0
4_19_5,47,5,0,7,1
4_19_6,76,39,0,79,0
4_19_7,98,11,0,29,0
4_19_8,124,92,0,264,0
4_19_9,95,2,0,136,0
4_2_1,19,14,1,58,0
4_2_10,26,51,3,82,0
4_2_2,16,15,1,19,0
4_2_3,15,41,1,129,1
4_2_4,15,65,1,56,0
4_2_5,32,51,1,49,0
4_2_6,8,23,1,18,0
4_2_7,21,43,4,29,0
4_2_8,8,33,2,12,0
4_2_9,19,15,0,9,0
4_20_1,32,11,0,36,0
4_20_10,65,4,4,15,0
4_20_11,64,3,2,36,0
4_20_12,22,4,3,0,0
4_20_2,36,7,1,10,3
4_20_3,69,17,1,14,0
4_20_4,99,7,0,12,0
4_20_5,29,0,1,48,0
4_20_6,97,9,0,32,0
4_20_7,42,6,1,6,4
4_20_8,58,0,0,11,0
4_20_9,67,4,3,12,0
4_21_1,48,6,1,57,0
4_21_10,105,0,0,11,0
4_21_11,107,6,0,4,2
4_21_12,39,0,1,15,0
4_21_2,134,1,1,30,0
4_21_3,24,2,2,22,0
4_21_4,55,3,1,7,1
4_21_5,55,4,2,26,0
4_21_6,36,8,1,20,0
4_21_7,30,2,0,13,1
4_21_8,105,3,0,25,0
4_21_9,74,1,2,23,0
4_22_1,4,0,1,0,0
4_22_10,4,0,1,0,0
4_22_11,10,2,5,17,6
4_22_12,48,5,2,10,2
4_22_2,12,1,0,27,0
4_22_3,4,0,0,6,0
4_22_4,8,5,1,8,0
4_22_5,14,3,1,13,2
4_22_6,9,2,0,0,1
4_22_7,12,4,0,5,0
4_22_8,50,35,3,3,0
4_22_9,43,4,0,7,0
4_23_1,27,22,1,8,0
4_23_10,26,45,1,31,0
4_23_11,35,25,1,4,1
4_23_12,78,18,0,25,1
4_23_2,36,48,0,5,3
4_23_3,25,36,0,20,0
4_23_4,17,2,1,45,0
4_23_5,9,4,0,17,1
4_23_6,12,2,1,7,1
4_23_7,14,1,0,24,0
4_23_8,21,8,1,6,0
4_23_9,19,2,0,7,0
4_24_1,489,20,0,5,0
4_24_2,710,31,0,21,0
4_24_3,358,51,0,27,0
4_24_4,380,19,1,22,0
4_24_5,589,2,0,7,0
4_24_6,286,11,0,155,0
4_25_1,1198,220,2,159,0
4_25_2,594,130,0,285,3
4_25_3,898,324,8,534,0
4_25_4,811,227,1,129,0
4_26_1,40,41,1,11,0
4_26_2,61,10,0,1,0
4_26_3,30,37,0,88,0
4_3_1,16,24,1,16,0
4_3_10,10,61,2,19,1
4_3_11,13,50,0,10,0
4_3_12,12,100,0,53,0
4_3_13,5,34,0,15,0
4_3_2,11,61,0,35,3
4_3_3,2,27,2,21,3
4_3_4,11,85,0,42,0
4_3_5,17,55,0,9,1
4_3_6,25,57,1,21,2
4_3_7,12,17,4,24,0
4_3_8,14,47,0,23,1
4_3_9,12,29,1,27,0
4_4_1,11,31,2,16,0
4_4_10,20,32,3,41,0
4_4_11,31,53,0,26,0
4_4_2,2,3,0,4,0
4_4_3,15,8,1,6,0
4_4_4,12,25,1,45,1
4_4_5,30,6,0,17,1
4_4_6,4,40,3,39,0
4_4_7,23,24,1,42,0
4_4_8,6,30,1,37,1
4_4_9,7,27,0,30,0
4_5_1,13,31,1,4,0
4_5_10,24,29,2,70,6
4_5_11,24,21,1,19,1
4_5_2,20,21,1,19,0
4_5_3,9,4,4,13,1
4_5_4,31,36,2,17,0
4_5_5,7,6,2,5,0
4_5_6,10,16,2,12,1
4_5_7,19,21,3,41,0
4_5_8,42,33,2,21,0
4_5_9,66,62,0,483,0
4_6_1,15,3,1,20,0
4_6_10,18,30,1,3,1
4_6_11,2,9,2,7,4
4_6_2,13,10,1,7,0
4_6_3,9,12,0,29,0
4_6_4,14,11,0,38,0
4_6_5,22,16,2,38,0
4_6_6,13,2,0,23,0
4_6_7,17,10,1,33,0
4_6_8,6,45,0,28,0
4_6_9,9,7,2,4,1
4_7_1,16,13,4,32,0
4_7_10,4,2,1,4,0
4_7_11,71,25,2,22,2
4_7_12,23,16,2,74,0
4_7_2,12,11,1,13,1
4_7_3,56,16,1,96,0
4_7_4,27,7,6,36,7
4_7_5,27,7,0,8,0
4_7_6,24,41,0,31,1
4_7_7,11,29,2,16,0
4_7_8,15,4,0,6,0
4_7_9,20,3,2,14,2
4_8_1,15,14,1,9,1
4_8_10,27,50,0,46,0
4_8_11,21,24,0,60,0
4_8_2,6,17,1,6,0
4_8_3,5,13,1,12,1
4_8_4,15,16,2,32,0
4_8_5,3,5,3,2,0
4_8_6,9,31,1,25,0
4_8_7,62,53,2,686,4
4_8_8,16,26,0,20,0
4_8_9,24,42,1,85,4
4_9_1,183,122,0,162,0
4_9_2,11,16,0,18,1
4_9_3,6,9,0,17,0
4_9_4,24,23,3,18,0
4_9_5,19,4,0,6,0
4_9_6,20,5,2,10,0
4_9_7,23,1,0,7,0
5_1_1,7,4,1,3,6
5_1_10,8,3,3,2,6
5_1_2,13,2,1,11,6
5_1_3,28,0,2,27,6
5_1_4,8,2,1,15,5
5_1_5,10,0,4,19,6
5_1_6,5,0,2,21,6
5_1_7,7,1,1,5,2
5_1_8,13,1,1,5,4
5_1_9,8,6,1,4,8
5_10_1,19,5,1,5,5
5_10_10,3,10,1,16,10
5_10_2,16,1,5,9,13
5_10_3,3,9,0,36,0
5_10_4,7,5,3,9,5
5_10_5,19,18,1,11,0
5_10_6,13,14,1,62,1
5_10_7,10,4,1,3,2
5_10_8,8,1,1,7,6
5_10_9,3,2,3,46,2
5_11_1,11,18,4,14,2
5_11_10,22,4,2,11,3
5_11_2,15,2,2,48,1
5_11_3,3,1,0,4,3
5_11_4,4,1,0,15,0
5_11_5,11,6,6,10,1
5_11_6,5,2,6,11,3
5_11_7,21,2,3,33,0
5_11_8,7,2,1,57,2
5_11_9,16,14,2,63,6
5_12_1,11,10,2,24,0
5_12_2,12,5,3,14,10
5_12_3,12,2,0,4,1
5_12_4,17,1,3,3,4
5_12_5,3,1,0,6,3
5_12_6,15,9,4,5,9
5_12_7,9,9,0,18,0
5_13_1,7,2,3,6,1
5_13_2,5,1,1,5,1
5_13_3,10,3,2,2,0
5_13_4,9,7,2,9,1
5_13_5,6,2,3,24,3
5_13_6,9,6,4,24,0
5_13_7,16,3,1,9,3
5_13_8,1,3,3,2,4
5_13_9,5,0,8,11,1
5_14_1,4,0,0,2,4
5_14_2,10,1,0,40,4
5_14_3,10,11,3,16,3
5_14_4,15,7,1,5,3
5_14_5,15,10,2,24,5
5_14_6,2,4,4,4,6
5_14_7,3,4,3,10,1
5_14_8,6,1,0,66,3
5_14_9,12,4,2,60,10
5_15_1,20,2,4,29,7
5_15_2,17,8,1,4,12
5_15_3,4,1,0,16,2
5_15_4,21,5,1,7,3
5_15_5,14,6,1,3,0
5_15_6,15,10,0,40,3
5_15_7,19,2,0,24,0
5_15_8,32,19,1,36,1
5_15_9,6,3,0,26,0
5_16_1,30,5,3,10,1
5_16_10,21,15,0,33,0
5_16_11,17,8,4,8,1
5_16_2,8,6,0,6,0
5_16_3,11,8,5,18,1
5_16_4,32,9,0,54,0
5_16_5,5,1,5,15,5
5_16_6,22,7,3,26,0
5_16_7,26,12,3,35,0
5_16_8,17,19,0,62,1
5_16_9,14,7,0,25,26
5_17_1,11,5,0,10,0
5_17_10,8,2,2,19,1
5_17_11,14,0,3,2,7
5_17_2,13,4,0,32,2
5_17_3,28,4,3,6,1
5_17_4,16,2,1,7,0
5_17_5,2,0,2,2,2
5_17_6,2,3,3,3,4
5_17_7,4,3,0,8,1
5_17_8,14,4,0,12,0
5_17_9,6,0,1,2,1
5_18_1,15,8,0,3,4
5_18_10,20,30,0,20,1
5_18_11,5,0,0,6,0
5_18_2,17,1,2,6,3
5_18_3,10,9,0,11,2
5_18_4,8,1,1,15,0
5_18_5,16,2,1,10,0
5_18_6,9,0,0,18,0
5_18_7,16,0,3,5,0
5_18_8,22,0,0,3,0
5_18_9,22,2,0,5,0
5_19_1,12,8,0,11,3
5_19_10,10,2,1,16,2
5_19_11,11,1,2,25,3
5_19_2,10,7,1,6,2
5_19_3,16,7,3,24,1
5_19_4,8,10,2,19,2
5_19_5,23,16,0,15,0
5_19_6,11,6,0,13,5
5_19_7,5,6,1,9,0
5_19_8,12,1,0,22,4
5_19_9,5,4,0,3,0
5_2_1,23,7,4,13,23
5_2_10,10,8,2,39,4
5_2_11,14,2,2,16,5
5_2_2,6,5,0,11,5
5_2_3,5,3,0,4,8
5_2_4,15,3,5,24,9
5_2_5,11,2,1,16,1
5_2_6,13,4,3,73,3
5_2_7,14,3,8,35,7
5_2_8,14,2,7,18,10
5_2_9,12,9,1,69,14
5_20_1,10,9,2,31,0
5_20_10,39,24,0,30,0
5_20_11,33,6,3,17,1
5_20_12,22,13,0,33,0
5_20_2,31,10,2,20,1
5_20_3,31,30,2,43,1
5_20_4,9,19,0,33,3
5_20_5,12,3,0,15,1
5_20_6,16,8,4,28,1
5_20_7,27,23,0,38,0
5_20_8,14,37,2,36,12
5_20_9,10,7,3,13,0
5_21_1,10,7,0,8,0
5_21_10,2,9,1,17,0
5_21_11,4,3,1,11,2
5_21_2,32,29,0,4,3
5_21_3,8,5,1,2,0
5_21_4,18,11,4,13,5
5_21_5,4,2,0,5,1
5_21_6,9,4,1,4,1
5_21_7,9,12,1,5,0
5_21_8,7,2,1,28,0
5_21_9,12,7,1,2,2
5_22_1,4,15,0,5,1
5_22_10,16,15,0,42,1
5_22_11,20,51,0,29,0
5_22_12,20,19,2,32,0
5_22_13,2,20,0,13,1
5_22_2,10,5,2,22,3
5_22_3,21,2,0,4,0
5_22_4,10,0,0,9,0
5_22_5,20,29,1,34,0
5_22_6,19,10,0,35,0
5_22_7,31,23,2,44,5
5_22_8,5,7,2,14,0
5_22_9,23,31,1,6,4
5_3_1,19,4,1,19,4
5_3_10,10,15,4,15,0
5_3_11,23,3,3,44,8
5_3_2,33,7,4,136,6
5_3_3,15,8,1,63,0
5_3_4,13,9,1,35,21
5_3_5,8,2,0,26,17
5_3_6,9,0,2,4,2
5_3_7,9,4,6,11,1
5_3_8,1,0,2,4,2
5_3_9,9,9,2,17,4
5_4_1,10,2,4,14,1
5_4_2,5,5,3,10,4
5_4_3,13,5,3,49,9
5_4_4,11,1,0,16,2
5_4_5,8,3,5,8,2
5_4_6,7,5,9,12,2
5_4_7,2,1,1,6,1
5_4_8,11,5,2,25,6
5_4_9,28,2,3,69,3
5_5_1,8,0,2,2,4
5_5_2,17,2,0,21,0
5_5_3,10,0,1,8,0
5_5_4,13,5,0,9,0
5_5_5,8,2,0,9,0
5_5_6,11,4,1,1,7
5_5_7,21,2,4,16,4
5_5_8,12,0,0,15,1
5_6_1,6,6,0,0,0
5_6_2,7,7,3,6,3
5_6_3,17,6,3,8,1
5_6_4,12,2,6,17,3
5_6_5,15,3,1,19,0
5_6_6,21,2,4,4,1
5_6_7,27,0,2,34,1
5_6_8,5,1,2,9,1
5_7_1,16,6,4,9,8
5_7_2,13,1,0,41,6
5_7_3,6,11,1,7,6
5_7_4,19,8,2,17,5
5_7_5,35,14,7,43,6
5_7_6,9,1,1,30,4
5_7_7,18,6,3,19,4
5_7_8,11,7,1,55,0
5_8_1,25,3,12,19,0
5_8_2,14,1,17,7,1
5_8_3,25,13,5,42,8
5_8_4,16,8,2,16,2
5_8_5,11,1,0,10,0
5_8_6,13,2,2,10,1
5_8_7,10,1,5,8,37
5_8_8,16,3,0,36,0
5_8_9,6,1,1,2,0
5_9_1,17,1,6,9,7
5_9_10,34,17,0,38,0
5_9_2,3,0,1,3,0
5_9_3,6,1,0,7,3
5_9_4,9,4,2,7,0
5_9_5,7,8,1,6,2
5_9_6,9,1,1,19,0
5_9_7,11,7,0,8,0
5_9_8,6,1,0,13,1
5_9_9,17,9,1,8,5
6_1_1,11,7,5,14,0
6_1_10,2,6,0,12,3
6_1_11,4,1,2,5,0
6_1_12,17,6,2,7,1
6_1_2,15,5,3,8,2
6_1_3,4,4,2,40,3
6_1_4,7,8,2,9,1
6_1_5,10,12,2,7,3
6_1_6,11,3,1,8,0
6_1_7,12,8,0,3,0
6_1_8,11,7,2,45,3
6_1_9,12,6,4,9,1
6_10_1,11,3,1,3,1
6_10_10,8,4,2,8,1
6_10_2,4,4,1,5,1
6_10_3,9,1,0,5,0
6_10_4,7,9,0,40,5
6_10_5,10,1,2,7,5
6_10_6,13,2,3,27,0
6_10_7,5,6,2,7,4
6_10_8,10,4,1,10,3
6_10_9,10,2,1,0,1
6_11_1,11,14,1,9,1
6_11_10,14,0,0,0,0
6_11_2,5,4,0,2,3
6_11_3,6,4,0,1,0
6_11_4,6,2,2,4,0
6_11_5,1,3,2,1,3
6_11_6,12,0,1,8,0
6_11_7,14,1,2,6,1
6_11_8,9,0,0,4,0
6_11_9,6,1,0,3,1
6_12_1,0,5,1,0,3
6_12_10,5,2,0,2,0
6_12_11,5,4,2,9,4
6_12_12,7,3,3,19,1
6_12_2,11,14,4,23,0
6_12_3,7,2,2,2,0
6_12_4,4,0,1,1,0
6_12_5,7,13,3,9,0
6_12_6,9,3,0,1,0
6_12_7,12,6,1,7,1
6_12_8,7,1,3,4,4
6_12_9,10,8,6,3,2
6_13_1,3,5,2,1,0
6_13_2,8,2,7,9,4
6_13_3,17,2,2,17,1
6_13_4,21,15,3,9,0
6_13_5,16,0,1,7,0
6_13_6,2,0,3,0,0
6_13_7,17,0,2,4,1
6_13_8,29,25,5,5,1
6_13_9,17,1,3,1,1
6_14_1,5,1,20,6,0
6_14_10,10,6,3,3,3
6_14_2,8,3,3,5,0
6_14_3,19,5,3,8,1
6_14_4,4,2,1,8,3
6_14_5,10,0,1,9,4
6_14_6,27,2,2,13,3
6_14_7,8,2,1,6,0
6_14_8,10,0,2,0,0
6_14_9,8,0,5,1,0
6_15_1,6,3,1,3,0
6_15_10,5,0,2,1,2
6_15_2,14,0,1,12,0
6_15_3,8,0,1,11,0
6_15_4,4,1,0,2,0
6_15_5,8,0,0,2,1
6_15_6,10,2,2,0,0
6_15_7,9,4,3,8,1
6_15_8,15,5,3,27,3
6_15_9,5,0,1,4,0
6_16_1,5,1,0,3,5
6_16_10,6,2,4,20,1
6_16_11,13,2,1,19,0
6_16_2,3,7,3,6,5
6_16_3,9,3,0,9,0
6_16_4,3,3,0,0,3
6_16_5,8,4,1,1,3
6_16_6,9,0,1,6,0
6_16_7,16,0,5,2,1
6_16_8,18,2,3,14,3
6_16_9,10,4,2,2,0
6_17_1,7,5,1,11,1
6_17_2,7,2,3,0,0
6_17_3,10,2,0,17,1
6_17_4,9,0,3,2,0
6_17_5,10,7,6,30,2
6_17_6,10,1,3,5,0
6_17_7,2,7,0,0,1
6_18_1,5,4,1,7,0
6_18_2,2,0,0,3,2
6_18_3,5,2,3,2,2
6_18_4,11,0,0,4,0
6_18_5,10,0,1,9,0
6_18_6,9,5,2,5,4
6_18_7,12,5,3,4,0
6_18_8,7,2,3,0,0
6_18_9,8,1,3,2,1
6_19_1,10,11,6,25,0
6_19_2,13,3,5,14,1
6_19_3,4,0,2,8,0
6_19_4,15,0,1,7,3
6_19_5,6,0,1,16,1
6_19_6,14,6,1,2,0
6_19_7,7,3,2,2,0
6_19_8,6,2,4,2,4
6_2_1,11,0,0,12,0
6_2_10,15,5,2,16,7
6_2_11,27,9,7,6,5
6_2_2,6,0,3,2,0
6_2_3,7,5,0,6,1
6_2_4,5,5,1,12,0
6_2_5,1,5,1,1,0
6_2_6,13,1,2,8,4
6_2_7,5,4,0,46,0
6_2_8,7,15,1,34,1
6_2_9,8,4,2,4,0
6_20_1,7,0,1,6,0
6_20_10,3,8,4,6,0
6_20_2,7,3,0,5,1
6_20_3,9,4,2,10,1
6_20_4,1,0,1,0,1
6_20_5,5,1,1,0,2
6_20_6,10,2,0,0,0
6_20_7,3,1,6,16,0
6_20_8,10,2,2,6,1
6_20_9,12,36,1,5,0
6_21_1,4,1,0,0,1
6_21_10,8,0,1,2,2
6_21_11,13,2,3,8,1
6_21_2,4,6,1,6,1
6_21_3,11,3,5,1,4
6_21_4,8,1,2,17,1
6_21_5,10,3,2,1,1
6_21_6,12,2,0,5,1
6_21_7,18,4,0,9,4
6_21_8,10,12,2,10,1
6_21_9,9,4,2,6,0
6_3_1,29,16,5,28,0
6_3_10,8,0,0,4,0
6_3_2,13,6,1,9,0
6_3_3,7,7,2,5,3
6_3_4,6,5,2,5,0
6_3_5,11,22,1,3,0
6_3_6,17,14,1,4,7
6_3_7,11,3,0,5,1
6_3_8,12,3,1,19,1
6_3_9,6,2,1,47,10
6_4_1,4,12,1,7,7
6_4_10,21,3,2,20,0
6_4_11,3,1,2,12,0
6_4_2,11,4,2,1,0
6_4_3,15,1,0,14,2
6_4_4,7,2,0,2,2
6_4_5,6,1,0,1,0
6_4_6,5,12,2,1,1
6_4_7,13,6,0,4,0
6_4_8,4,3,1,3,1
6_4_9,13,4,3,4,5
6_5_1,9,3,1,13,3
6_5_10,12,4,0,1,1
6_5_11,8,3,4,2,2
6_5_12,4,3,0,10,0
6_5_2,10,3,3,4,6
6_5_3,9,1,0,7,0
6_5_4,11,1,3,3,1
6_5_5,18,8,0,3,1
6_5_6,4,4,1,10,0
6_5_7,10,1,2,15,0
6_5_8,8,0,2,1,1
6_5_9,6,0,1,1,4
6_6_1,13,0,0,5,4
6_6_2,15,2,8,11,2
6_6_3,8,7,0,11,6
6_6_4,6,0,4,2,0
6_6_5,2,2,0,3,0
6_6_6,5,8,3,1,2
6_6_7,8,5,2,7,1
6_6_8,23,4,2,13,3
6_6_9,4,3,4,1,4
6_7_1,4,11,0,1,1
6_7_10,4,0,0,13,3
6_7_11,7,4,3,3,1
6_7_12,4,2,1,6,1
6_7_13,4,0,2,6,0
6_7_2,13,4,4,7,0
6_7_3,11,3,0,5,0
6_7_4,18,4,3,24,1
6_7_5,7,0,1,4,1
6_7_6,13,7,1,14,4
6_7_7,22,13,4,14,1
6_7_8,7,1,1,15,0
6_7_9,9,3,6,0,4
6_8_1,2,4,4,0,0
6_8_10,1,6,2,1,0
6_8_2,25,2,2,16,0
6_8_3,7,1,0,1,1
6_8_4,11,1,1,3,0
6_8_5,9,1,3,4,0
6_8_6,19,4,5,16,26
6_8_7,10,2,1,4,0
6_8_8,19,8,3,3,0
6_8_9,13,4,2,7,0
6_9_1,7,0,0,4,0
6_9_10,9,0,1,0,1
6_9_2,1,0,0,0,7
6_9_3,9,1,0,2,9
6_9_4,11,1,0,2,2
6_9_5,2,3,1,6,0
6_9_6,9,5,3,2,5
6_9_7,8,2,1,3,2
6_9_8,3,4,0,2,2
6_9_9,9,4,0,3,5
7_1_1,7,62,2,18,2
7_1_10,17,56,1,15,0
7_1_2,6,71,1,41,0
7_1_3,9,36,1,29,0
7_1_4,20,82,3,28,0
7_1_5,12,37,2,33,1
7_1_6,14,106,0,25,0
7_1_7,5,42,0,6,0
7_1_8,7,12,1,22,0
7_1_9,8,97,0,25,0
7_10_1,8,2,2,0,1
7_10_10,7,2,0,2,1
7_10_2,2,0,0,4,1
7_10_3,16,3,0,7,0
7_10_4,11,2,2,3,6
7_10_5,7,12,0,1,3
7_10_6,13,11,0,4,6
7_10_7,4,0,2,3,0
7_10_8,12,2,3,5,0
7_10_9,14,5,1,11,0
7_11_1,11,13,2,9,5
7_11_10,6,0,3,5,0
7_11_2,4,3,4,1,2
7_11_3,15,5,4,5,0
7_11_4,5,3,0,6,1
7_11_5,2,1,0,1,5
7_11_6,9,2,1,2,0
7_11_7,8,0,0,8,6
7_11_8,26,3,2,11,1
7_11_9,11,1,2,7,1
7_12_1,9,2,2,5,5
7_12_2,4,3,0,25,0
7_12_3,7,11,0,13,0
7_12_4,4,4,2,4,0
7_12_5,4,0,1,0,1
7_12_6,7,8,6,6,0
7_12_7,20,10,2,0,0
7_12_8,24,22,3,25,0
7_12_9,7,37,1,19,0
7_13_1,17,15,2,3,0
7_13_10,6,1,1,0,0
7_13_11,9,13,0,2,2
7_13_12,2,15,1,6,0
7_13_13,5,2,2,1,0
7_13_14,7,12,2,7,1
7_13_15,5,2,0,3,0
7_13_2,20,5,4,6,4
7_13_3,13,7,1,2,5
7_13_4,15,0,3,4,0
7_13_5,5,0,0,1,0
7_13_6,7,1,0,5,0
7_13_7,6,0,1,5,0
7_13_8,4,34,2,3,0
7_13_9,1,15,0,0,0
7_14_1,6,63,0,7,0
7_14_10,5,49,1,19,0
7_14_11,4,18,0,8,5
7_14_12,19,50,3,9,0
7_14_13,9,86,0,8,0
7_14_2,8,12,0,17,0
7_14_3,10,43,1,12,0
7_14_4,6,13,1,2,0
7_14_5,6,28,3,10,0
7_14_6,16,72,1,5,0
7_14_7,5,68,2,12,2
7_14_8,3,63,0,18,0
7_14_9,5,74,3,12,1
7_15_1,9,133,0,13,0
7_15_10,19,106,0,23,0
7_15_11,19,81,0,40,0
7_15_2,23,130,0,27,0
7_15_3,14,103,2,8,0
7_15_4,13,40,0,12,1
7_15_5,12,55,1,12,2
7_15_6,39,56,2,26,0
7_15_7,12,14,1,18,2
7_15_8,7,9,0,35,0
7_15_9,17,17,0,4,0
7_16_1,1,14,0,0,0
7_16_2,9,57,0,29,0
7_16_3,7,11,1,6,1
7_16_4,11,33,1,5,0
7_16_5,9,90,3,7,0
7_16_6,7,71,0,9,0
7_16_7,14,99,2,18,0
7_16_8,17,89,1,14,0
7_16_9,14,166,0,92,1
7_17_1,198,414,0,141,0
7_17_10,104,749,2,70,0
7_17_11,18,227,2,12,0
7_17_2,302,717,1,79,0
7_17_3,192,599,0,120,0
7_17_4,84,970,1,64,0
7_17_5,16,595,1,2,0
7_17_6,100,525,1,85,0
7_17_7,37,1473,0,102,0
7_17_8,88,633,2,47,2
7_17_9,99,1013,0,200,0
7_18_1,153,672,0,97,0
7_18_10,0,905,0,14,0
7_18_11,129,427,0,174,0
7_18_2,7,274,0,24,1
7_18_3,256,103,0,121,0
7_18_4,68,185,0,295,0
7_18_5,80,490,1,59,0
7_18_6,205,532,0,136,1
7_18_7,34,78,0,21,0
7_18_8,37,29,0,14,0
7_18_9,57,535,0,127,0
7_19_1,6,337,0,50,0
7_19_2,41,490,3,77,1
7_19_3,31,445,2,54,1
7_19_4,51,549,0,111,0
7_19_5,30,284,0,78,0
7_19_6,63,77,1,59,0
7_2_1,6,6,3,39,1
7_2_2,2,6,2,0,0
7_2_3,9,44,1,37,1
7_2_4,9,116,1,29,0
7_2_5,12,30,3,24,2
7_2_6,16,41,3,17,3
7_2_7,24,38,3,30,0
7_2_8,13,2,1,7,0
7_2_9,25,15,3,36,1
7_20_1,9,12,0,20,1
7_20_10,32,214,2,106,0
7_20_11,29,125,0,48,2
7_20_12,13,76,0,28,0
7_20_13,21,25,2,15,0
7_20_2,10,1,1,1,0
7_20_3,15,30,1,13,0
7_20_4,5,32,0,11,0
7_20_5,8,45,1,3,1
7_20_6,15,33,0,9,0
7_20_7,47,47,3,9,0
7_20_8,23,55,0,22,0
7_20_9,16,135,1,32,0
7_21_1,10,7,0,16,1
7_21_10,6,3,3,3,6
7_21_11,5,2,4,16,1
7_21_12,8,38,2,15,0
7_21_2,6,4,4,2,0
7_21_3,14,1,3,0,0
7_21_4,4,3,1,1,0
7_21_5,12,3,2,8,0
7_21_6,12,4,0,2,5
7_21_7,9,5,2,4,1
7_21_8,3,1,2,1,0
7_21_9,4,1,4,1,1
7_22_1,10,0,1,1,0
7_22_10,11,9,2,33,0
7_22_11,8,3,0,5,1
7_22_12,1,2,1,1,0
7_22_13,13,5,3,3,0
7_22_2,12,7,3,23,0
7_22_3,6,10,0,7,1
7_22_4,9,1,0,0,0
7_22_5,12,4,0,6,1
7_22_6,7,4,0,6,1
7_22_7,6,3,2,8,0
7_22_8,11,8,0,1,0
7_22_9,2,1,2,0,0
7_23_1,16,7,0,12,0
7_23_2,5,2,1,0,3
7_23_3,9,1,4,2,0
7_23_4,5,3,0,5,1
7_23_5,18,1,0,16,0
7_23_6,13,4,0,5,0
7_23_7,8,8,1,18,0
7_23_8,5,22,1,21,0
7_23_9,4,1,1,4,0
7_24_1,28,0,0,4,6
7_24_10,6,35,0,2,0
7_24_11,20,15,1,22,1
7_24_2,14,32,2,40,0
7_24_3,8,34,3,2,1
7_24_4,21,17,1,8,0
7_24_5,10,9,0,3,0
7_24_6,10,41,1,16,1
7_24_7,12,41,0,12,0
7_24_8,6,19,0,39,0
7_24_9,12,33,4,10,3
7_3_1,4,1,1,3,2
7_3_10,13,13,1,7,5
7_3_2,8,25,3,26,4
7_3_3,10,2,1,27,0
7_3_4,7,58,0,31,0
7_3_5,8,1,1,14,1
7_3_6,5,21,0,21,0
7_3_7,10,20,1,27,0
7_3_8,10,11,4,6,0
7_3_9,11,50,2,12,2
7_4_1,27,1,5,4,4
7_4_10,10,3,0,7,1
7_4_2,7,1,0,3,0
7_4_3,15,0,3,11,4
7_4_4,21,4,4,4,20
7_4_5,12,15,0,18,0
7_4_6,35,7,13,86,1
7_4_7,40,4,2,35,2
7_4_8,23,0,2,0,0
7_4_9,4,5,2,11,0
7_5_1,9,0,0,0,0
7_5_2,9,1,2,3,0
7_5_3,4,0,3,29,0
7_5_4,8,0,3,8,6
7_5_5,18,7,0,3,0
7_5_6,4,1,0,2,2
7_5_7,13,0,2,2,0
7_5_8,10,4,2,4,2
7_5_9,59,9,0,41,0
7_6_1,13,2,5,7,0
7_6_2,5,10,12,5,0
7_6_3,11,3,2,10,5
7_6_4,16,48,1,13,20
7_6_5,28,6,4,31,4
7_6_6,6,4,1,10,3
7_6_7,14,5,3,11,8
7_6_8,5,1,0,0,0
7_6_9,7,7,0,12,0
7_7_1,13,15,1,2,0
7_7_10,4,15,0,3,0
7_7_11,8,5,2,11,3
7_7_2,3,11,0,9,0
7_7_3,32,0,1,3,12
7_7_4,10,0,9,11,1
7_7_5,7,31,1,39,0
7_7_6,15,44,5,12,5
7_7_7,6,30,1,14,0
7_7_8,14,1,0,21,0
7_7_9,32,24,2,60,0
7_8_1,7,3,4,11,0
7_8_2,15,24,9,19,0
7_8_3,9,1,1,13,0
7_8_4,3,2,1,5,1
7_8_5,14,59,1,14,0
7_8_6,11,19,1,16,3
7_8_7,7,25,2,4,1
7_8_8,30,27,3,13,2
7_9_1,5,3,9,6,0
7_9_10,4,3,2,7,1
7_9_11,5,8,1,11,0
7_9_2,7,5,7,5,0
7_9_3,4,3,1,1,0
7_9_4,5,14,0,3,1
7_9_5,7,3,1,0,4
7_9_6,8,12,2,3,1
7_9_7,6,3,3,12,2
7_9_8,8,1,2,7,0
7_9_9,3,13,1,3,2
8_1_1,116,140,0,4,0
8_1_10,332,134,1,59,0
8_1_11,179,54,0,16,0
8_1_12,1618,288,1,80,0
8_1_2,405,229,1,48,0
8_1_3,389,146,0,6,0
8_1_4,375,83,0,11,0
8_1_5,87,97,0,10,0
8_1_6,529,249,6,3,0
8_1_7,333,20,0,0,0
8_1_8,261,139,0,18,0
8_1_9,951,482,0,98,0
8_10_1,6,5,3,3,0
8_10_2,1,14,0,0,2
8_10_3,15,2,1,3,0
8_10_4,23,19,2,7,0
8_10_5,37,3,2,12,3
8_10_6,25,14,1,2,0
8_10_7,14,9,1,8,0
8_10_8,62,57,0,14,1
8_11_1,36,30,4,19,0
8_11_2,41,13,0,10,0
8_11_3,41,12,2,4,4
8_11_4,28,22,3,3,2
8_11_5,24,7,2,13,0
8_12_1,8,44,1,6,1
8_12_2,15,21,1,2,0
8_12_3,7,28,0,5,0
8_12_4,7,49,1,14,0
8_12_5,11,22,2,10,0
8_12_6,5,10,0,0,0
8_12_7,8,3,0,13,1
8_13_1,1,1,0,0,0
8_13_2,11,13,0,5,0
8_13_3,24,96,0,11,0
8_13_4,18,109,0,21,0
8_13_5,10,51,4,17,0
8_13_6,3,51,3,24,0
8_13_7,7,74,0,12,0
8_13_8,15,58,0,6,0
8_14_1,272,222,2,34,0
8_14_10,27,150,0,34,1
8_14_2,151,226,2,26,0
8_14_3,247,426,0,56,0
8_14_4,223,476,0,39,1
8_14_5,76,118,1,11,1
8_14_6,8,86,0,17,0
8_14_7,13,76,4,13,0
8_14_8,8,46,1,4,0
8_14_9,27,200,0,27,0
8_15_1,645,796,1,121,0
8_15_10,25,121,0,39,0
8_15_2,350,927,0,137,0
8_15_3,412,500,0,48,0
8_15_4,168,242,0,7,0
8_15_5,806,281,3,49,0
8_15_6,88,198,0,11,0
8_15_7,63,190,0,34,0
8_15_8,202,302,1,31,0
8_15_9,94,352,0,87,1
8_16_1,26,25,1,15,0
8_16_10,64,45,0,2,0
8_16_2,17,22,2,11,0
8_16_3,35,60,0,1,0
8_16_4,17,16,0,25,0
8_16_5,11,6,1,2,0
8_16_6,18,7,2,7,0
8_16_7,44,46,0,24,0
8_16_8,17,13,0,10,1
8_16_9,10,10,0,17,0
8_17_1,3,3,1,0,0
8_17_2,8,9,1,1,0
8_17_3,10,1,0,5,1
8_17_4,11,0,1,0,6
8_17_5,2,1,2,9,3
8_2_1,31,11,1,11,0
8_2_10,7,3,0,4,0
8_2_2,9,2,1,7,0
8_2_3,2,8,1,3,0
8_2_4,12,5,1,17,0
8_2_5,9,4,0,7,0
8_2_6,12,4,2,6,0
8_2_7,14,10,1,13,0
8_2_8,16,8,0,4,0
8_2_9,8,4,0,1,0
8_3_1,25,164,4,19,1
8_3_10,377,261,1,13,0
8_3_2,15,72,0,1,0
8_3_3,12,66,0,1,0
8_3_4,19,58,1,5,1
8_3_5,14,24,0,1,0
8_3_6,1,19,0,1,0
8_3_7,5,60,3,9,0
8_3_8,799,113,1,19,0
8_3_9,650,188,0,4,0
8_4_1,16,151,1,23,0
8_4_10,5,24,1,0,0
8_4_11,7,35,0,4,0
8_4_2,1,53,0,15,0
8_4_3,4,41,0,0,0
8_4_4,17,31,1,8,0
8_4_5,7,38,1,11,0
8_4_6,16,59,0,4,0
8_4_7,7,73,0,6,0
8_4_8,8,110,0,3,2
8_4_9,7,30,0,9,0
8_5_1,12,44,0,11,0
8_5_10,6,6,0,2,0
8_5_11,13,2,0,5,0
8_5_2,5,47,0,4,0
8_5_3,13,123,0,2,3
8_5_4,5,103,0,5,0
8_5_5,7,36,0,4,1
8_5_6,10,65,0,0,0
8_5_7,18,87,1,17,0
8_5_8,11,6,3,2,0
8_5_9,7,2,1,0,0
8_6_1,7,3,3,3,0
8_6_10,27,66,2,15,0
8_6_11,16,151,1,1,1
8_6_2,22,6,1,2,1
8_6_3,14,6,1,6,1
8_6_4,5,44,0,31,0
8_6_5,7,84,0,17,0
8_6_6,23,146,3,21,0
8_6_7,6,57,0,5,0
8_6_8,16,40,3,8,0
8_6_9,14,84,0,7,0
8_7_1,72,363,1,1,0
8_7_10,20,479,2,5,0
8_7_11,58,574,0,15,0
8_7_12,81,342,1,2,0
8_7_13,86,548,2,10,3
8_7_14,580,765,3,30,0
8_7_2,131,558,1,15,0
8_7_3,160,466,0,12,0
8_7_4,244,485,0,26,0
8_7_5,503,447,0,6,0
8_7_6,278,562,0,7,0
8_7_7,815,542,2,12,0
8_7_8,250,524,1,19,1
8_7_9,463,1005,5,56,0
8_8_1,11,35,4,7,0
8_8_10,21,117,3,7,0
8_8_11,11,2,2,1,0
8_8_2,11,25,0,7,0
8_8_3,9,16,0,1,0
8_8_4,10,18,0,2,0
8_8_5,20,26,2,3,0
8_8_6,9,60,0,9,0
8_8_7,5,57,0,2,2
8_8_8,4,29,2,3,0
8_8_9,10,55,1,18,0
8_9_1,2,40,0,9,0
8_9_2,3,22,0,6,0
8_9_3,5,44,0,1,0
8_9_4,9,12,1,1,0
8_9_5,7,21,3,13,5
8_9_6,16,43,1,5,0
8_9_7,5,10,2,2,0
8_9_8,10,25,1,2,0
8_9_9,6,14,1,2,0
9_1_1,6,2,3,0,0
9_1_2,4,0,1,1,0
9_1_3,7,13,1,4,0
9_1_4,17,40,1,24,3
9_1_5,25,14,0,23,1
9_1_6,21,51,0,16,1
9_1_7,15,8,1,16,0
9_1_8,20,15,0,12,0
9_1_9,18,16,4,16,0
9_10_1,13,33,0,12,0
9_10_10,5,0,1,4,0
9_10_11,7,0,0,11,2
9_10_12,2,0,1,0,0
9_10_2,11,69,1,20,0
9_10_3,6,79,4,33,7
9_10_4,4,8,0,3,1
9_10_5,4,21,0,20,0
9_10_6,11,83,0,8,1
9_10_7,9,53,1,18,2
9_10_8,6,5,1,0,0
9_10_9,7,4,0,5,0
9_11_1,24,12,2,8,0
9_11_10,9,140,3,9,0
9_11_11,16,68,4,18,1
9_11_12,19,146,1,38,0
9_11_2,16,73,1,36,0
9_11_3,16,92,1,6,2
9_11_4,12,106,3,13,0
9_11_5,16,108,1,8,0
9_11_6,7,78,3,3,3
9_11_7,12,150,1,22,0
9_11_8,11,92,0,10,0
9_11_9,12,94,0,17,0
9_12_1,5,56,0,22,0
9_12_10,3,28,0,21,0
9_12_11,8,95,0,4,0
9_12_12,5,129,0,15,0
9_12_2,4,24,1,12,0
9_12_3,1,62,1,1,0
9_12_4,5,44,0,3,0
9_12_5,3,44,4,23,1
9_12_6,23,101,1,5,0
9_12_7,2,71,0,3,3
9_12_8,7,88,0,10,0
9_12_9,9,26,0,2,0
9_13_1,12,106,0,21,0
9_13_2,12,111,2,22,0
9_13_3,17,151,3,17,0
9_13_4,12,62,1,7,2
9_13_5,5,210,1,12,0
9_13_6,13,147,0,21,0
9_13_7,32,115,2,29,1
9_14_1,8,71,1,13,0
9_14_10,235,528,0,13,1
9_14_2,4,98,0,1,0
9_14_3,26,177,0,19,0
9_14_4,30,183,0,22,0
9_14_5,92,614,0,7,0
9_14_6,128,697,0,24,0
9_14_7,136,280,1,7,0
9_14_8,234,320,0,16,0
9_14_9,63,168,0,15,0
9_15_1,12,63,2,0,1
9_15_10,25,66,1,9,0
9_15_11,5,86,1,2,0
9_15_2,10,90,0,5,0
9_15_3,5,104,3,6,0
9_15_4,6,109,0,11,0
9_15_5,13,100,1,3,0
9_15_6,10,80,1,6,0
9_15_7,8,151,2,11,0
9_15_8,5,101,2,11,0
9_15_9,5,104,0,14,2
9_16_1,13,23,1,9,0
9_16_10,9,14,0,7,0
9_16_11,9,2,2,10,0
9_16_12,24,6,4,1,1
9_16_13,24,12,0,19,0
9_16_2,18,32,2,3,0
9_16_3,17,77,0,7,0
9_16_4,17,38,1,7,1
9_16_5,11,29,0,15,3
9_16_6,6,51,0,14,0
9_16_7,11,61,0,1,0
9_16_8,9,31,0,3,0
9_16_9,20,55,0,30,2
9_2_1,2,14,3,4,0
9_2_10,9,9,0,7,0
9_2_11,7,10,1,3,1
9_2_12,1,9,1,1,0
9_2_2,7,16,0,2,2
9_2_3,5,23,0,7,0
9_2_4,8,10,1,12,0
9_2_5,8,3,2,5,0
9_2_6,8,7,0,16,0
9_2_7,5,1,0,3,0
9_2_8,6,3,0,6,0
9_2_9,9,13,0,8,0
9_3_1,12,123,1,57,0
9_3_10,1,10,0,5,0
9_3_11,7,25,0,27,0
9_3_12,3,9,0,0,1
9_3_13,13,136,0,47,0
9_3_2,3,139,1,12,0
9_3_3,3,62,1,29,0
9_3_4,3,13,0,32,1
9_3_5,3,13,0,31,0
9_3_6,8,18,0,4,2
9_3_7,2,20,0,6,0
9_3_8,5,3,0,0,0
9_3_9,2,20,1,3,1
9_4_1,4,22,0,1,0
9_4_10,8,1,3,0,2
9_4_11,5,30,0,6,0
9_4_2,11,31,3,6,0
9_4_3,2,21,0,0,2
9_4_4,5,8,2,3,0
9_4_5,7,24,0,1,0
9_4_6,8,3,0,5,0
9_4_7,3,0,0,1,0
9_4_8,6,3,0,4,0
9_4_9,4,5,2,1,0
9_5_1,4,13,1,17,0
9_5_10,10,9,4,8,0
9_5_11,1,12,2,13,0
9_5_2,4,2,0,3,2
9_5_3,22,34,1,9,1
9_5_4,3,24,0,11,0
9_5_5,6,17,0,6,0
9_5_6,11,11,2,1,0
9_5_7,6,10,3,5,0
9_5_8,8,29,0,0,0
9_5_9,2,22,1,2,1
9_6_1,9,21,1,23,4
9_6_10,12,43,0,3,0
9_6_11,14,24,1,5,0
9_6_12,6,48,0,26,0
9_6_2,3,35,5,1,0
9_6_3,4,54,2,10,1
9_6_4,3,15,2,2,0
9_6_5,8,57,0,12,0
9_6_6,6,15,1,0,0
9_6_7,6,20,1,4,0
9_6_8,5,32,0,5,0
9_6_9,9,1,2,2,1
9_7_1,4,4,2,7,1
9_7_10,14,9,0,1,0
9_7_11,12,7,0,1,0
9_7_12,2,21,0,1,0
9_7_13,3,33,1,10,1
9_7_14,3,3,0,0,0
9_7_2,5,2,0,4,0
9_7_3,5,12,1,1,0
9_7_4,3,0,1,0,0
9_7_5,3,8,1,4,0
9_7_6,1,24,0,0,0
9_7_7,3,5,0,2,1
9_7_8,17,10,2,0,0
9_7_9,4,8,0,4,0
9_8_1,6,11,1,0,0
9_8_10,17,53,0,7,0
9_8_11,20,35,0,3,0
9_8_12,18,16,1,0,0
9_8_13,5,58,0,7,0
9_8_2,5,12,0,6,4
9_8_3,8,7,1,0,0
9_8_4,2,6,0,0,0
9_8_5,9,35,0,15,1
9_8_6,19,18,0,17,0
9_8_7,33,38,1,3,0
9_8_8,16,100,2,16,1
9_8_9,12,46,0,6,0
9_9_1,4,49,3,1,0
9_9_10,11,54,0,13,0
9_9_11,12,55,2,5,0
9_9_12,8,65,0,13,0
9_9_13,10,32,1,10,0
9_9_14,7,20,3,6,0
9_9_2,9,56,1,1,0
9_9_3,11,61,5,2,0
9_9_4,12,61,1,5,0
9_9_5,2,67,0,3,0
9_9_6,7,53,0,2,0
9_9_7,13,24,0,2,0
9_9_8,4,43,0,4,0
9_9_9,2,87,0,22,0
