LOCAL;label
2001010;COMUNA 1
2002010;COMUNA 2
2003010;COMUNA 3
2004010;COMUNA 4
2005010;COMUNA 5
2006010;COMUNA 6
2007010;COMUNA 7
2008010;COMUNA 8
2009010;COMUNA 9
2010010;COMUNA 10
2011010;COMUNA 11
2012010;COMUNA 12
2013010;COMUNA 13
2014010;COMUNA 14
2015010;COMUNA 15
6007000;ZONA RURAL
6007010;CARHUE
6007020;CNIA. SAN MIGUEL ARCANGEL
6007030;DELFIN HUERGO
6007040;ESPARTILLAR
6007050;ESTEBAN AGUSTIN GASCON
6007060;LA PALA
6007070;MAZA
6007080;RIVERA
6007100;VILLA MARGARITA
6007110;YUTUYACO
6014000;ZONA RURAL
6014010;ADOLFO GONZALES CHAVES
6014020;DE LA GARMA
6014030;JUAN E. BARRA
6014040;VASQUEZ
6021000;ZONA RURAL
6021010;ALBERTI
6021020;CORONEL SEGUI
6021030;MECHITA
6021040;PLA
6021050;VILLA GRISOLIA
6021060;VILLA MARIA
6021070;VILLA ORTIZ
6028000;ZONA RURAL
6028010;ALMIRANTE BROWN
6035010;AVELLANEDA
6042000;ZONA RURAL
6042010;AYACUCHO
6042020;LA CONSTANCIA
6042030;SOLANET
6042040;UDAQUIOLA
6049000;ZONA RURAL
6049010;ARIEL
6049020;AZUL
6049030;CACHARI
6049040;CHILLAR
6049050;16 DE JULIO
6056000;ZONA RURAL
6056010;BAHIA BLANCA
6056020;CABILDO
6056030;GENERAL DANIEL CERRI
6063000;ZONA RURAL
6063010;BALCARCE
6063020;LOS PINOS
6063030;NAPALEUFU
6063040;RAMOS OTERO
6063050;SAN AGUSTIN
6063060;VILLA LAGUNA LA BRAVA
6070000;ZONA RURAL
6070010;BARADERO
6070020;IRINEO PORTELA
6070030;SANTA COLOMA
6070040;VILLA ALSINA
6077000;ZONA RURAL
6077010;ARRECIFES
6077020;TODD
6077030;VIÑA
6084000;ZONA RURAL
6084010;BARKER
6084020;BENITO JUAREZ
6084030;LOPEZ
6084040;TEDIN URIBURU
6084050;VILLA CACIQUE
6091000;ZONA RURAL
6091010;BERAZATEGUI
6098000;ZONA RURAL
6098010;BERISSO
6105000;ZONA RURAL
6105010;HALE
6105020;JUAN F. IBARRA
6105040;PAULA
6105050;PIROVANO
6105060;SAN CARLOS DE BOLIVAR
6105070;URDAMPILLETA
6105080;VILLA LYNCH PUEYRREDON
6112000;ZONA RURAL
6112005;ASAMBLEA
6112010;BRAGADO
6112020;COMODORO PY
6112030;GENERAL O BRIEN
6112040;IRALA
6112050;LA LIMPIA
6112060;JUAN F.SALABERRY
6112070;MECHITA
6112080;OLASCOAGA
6112090;WARNES
6119000;ZONA RURAL
6119010;ALTAMIRANO
6119015;BARRIO EL MIRADOR
6119020;BARRIO LAS GOLONDRINAS
6119030;BARRIO LOS BOSQUECITOS
6119040;BARRIO PARQUE LAS ACACIAS
6119045;CAMPOS DE ROCA
6119050;CORONEL BRANDSEN
6119055;CLUB DE CAMPO LAS MALVINAS
6119060;GOMEZ
6119070;JEPPENER
6119080;OLIDEN
6119085;POSADA DE LOS LAGOS
6119090;SAMBOROMBON
6126000;ZONA RURAL
6126010;LOS CARDALES
6126020;BARRIO LOS PIONEROS (BARRIO TAVELLA)
6126030;CAMPANA
6126035;CHACRAS DEL RIO LUJAN
6126040;RIO LUJAN
6134000;ZONA RURAL
6134010;ALEJANDRO PETION
6134020;BARRIO EL TALADRO
6134030;CAÑUELAS
6134040;GOBERNADOR UDAONDO
6134050;MAXIMO PAZ
6134060;SANTA ROSA
6134070;URIBELARREA
6134080;VICENTE CASARES
6140000;ZONA RURAL
6140010;CAPITAN SARMIENTO
6140020;LA LUISA
6147000;ZONA RURAL
6147010;BELLOCQ
6147020;CADRET
6147030;CARLOS CASARES
6147040;COLONIA MAURICIO
6147050;HORTENSIA
6147060;LA SOFIA
6147070;MAURICIO HIRSCH
6147080;MOCTEZUMA
6147090;ORDOQUI
6147095;SANTO TOMAS
6147100;SMITH
6154000;ZONA RURAL
6154010;CARLOS TEJEDOR
6154020;COLONIA SERE
6154030;CURARU
6154040;TIMOTE
6154050;TRES ALGARROBOS
6161000;ZONA RURAL
6161010;CARMEN DE ARECO
6161020;PUEBLO GOUIN
6161030;TRES SARGENTOS
6168000;ZONA RURAL
6168010;CASTELLI
6168020;CENTRO GUERRERO
6168030;CERRO DE LA GLORIA
6175000;ZONA RURAL
6175010;COLON
6175020;VILLA MANUEL POMAR
6175030;PEARSON
6175040;SARASA
6182000;ZONA RURAL
6182010;BAJO HONDO
6182020;BALNEARIO PEHUEN CO
6182025;PAGO CHICO
6182030;PUNTA ALTA
6182050;VILLA GENERAL ARIAS
6189000;ZONA RURAL
6189010;APARICIO
6189020;MARISOL
6189030;CORONEL DORREGO
6189040;EL PERDIDO
6189050;FARO
6189060;IRENE
6189070;ORIENTE
6189075;PARAJE LA RUTA
6189080;SAN ROMAN
6196000;ZONA RURAL
6196010;CORONEL PRINGLES
6196020;EL DIVISORIO
6196030;EL PENSAMIENTO
6196040;INDIO RICO
6196050;LARTIGAU
6203000;ZONA RURAL
6203010;CASCADA
6203020;CORONEL SUAREZ
6203030;CURAMALAL
6203040;D ORBIGNY
6203050;HUANGUELEN
6203060;PASMAN
6203070;SAN JOSE
6203080;SANTA MARIA
6203090;SANTA TRINIDAD
6203100;VILLA ARCADIA
6210000;ZONA RURAL
6210010;CASTILLA
6210020;CHACABUCO
6210030;LOS ANGELES
6210040;O HIGGINS
6210050;RAWSON
6217000;ZONA RURAL
6217003;BARRIO LOMAS ALTAS
6217010;CHASCOMUS
6217015;LAGUNA VITEL
6217020;MANUEL J. COBO
6217030;VILLA PARQUE GIRADO
6224000;ZONA RURAL
6224005;BENITEZ
6224010;CHIVILCOY
6224020;EMILIO AYARZA
6224030;GOROSTIAGA
6224040;LA RICA
6224050;MOQUEHUA
6224060;RAMON BIAUS
6224070;SAN SEBASTIAN
6231000;ZONA RURAL
6231010;ANDAT
6231020;ARBOLEDAS
6231030;DAIREAUX
6231040;LA LARGA
6231060;SALAZAR
6238000;ZONA RURAL
6238010;DOLORES
6238020;SEVIGNE
6245000;ZONA RURAL
6245010;ENSENADA
6252000;ZONA RURAL
6252010;ESCOBAR
6260000;ZONA RURAL
6260010;ESTEBAN ECHEVERRIA
6266000;ZONA RURAL
6266010;ARROYO DE LA CRUZ
6266020;CAPILLA DEL SEÑOR
6266030;DIEGO GAYNOR
6266040;LOS CARDALES
6266050;PARADA ORLANDO
6266060;PARADA ROBLES - PAVON
6270000;ZONA RURAL
6270010;EZEIZA
6274010;FLORENCIO VARELA
6277000;ZONA RURAL
6277010;BLAQUIER
6277020;FLORENTINO AMEGHINO
6277030;PORVENIR
6280000;ZONA RURAL
6280005;CENTINELA DEL MAR
6280010;COMANDANTE NICANOR OTAMENDI
6280020;MAR DEL SUR
6280030;MECHONGUE
6280040;MIRAMAR
6287000;ZONA RURAL
6287010;GENERAL ALVEAR
6294000;ZONA RURAL
6294010;ARRIBEÑOS
6294020;ASCENSION
6294030;ESTACION ARENALES
6294040;FERRE
6294050;GENERAL ARENALES
6294060;LA ANGELITA
6294070;LA TRINIDAD
6301000;ZONA RURAL
6301010;GENERAL BELGRANO
6301020;GORCHS
6308000;ZONA RURAL
6308010;GENERAL GUIDO
6308020;LABARDEN
6315000;ZONA RURAL
6315010;GENERAL JUAN  MADARIAGA
6322000;ZONA RURAL
6322010;GENERAL LA MADRID
6322020;LA COLINA
6322030;LAS MARTINETAS
6322040;LIBANO
6322050;PONTAUT
6329000;ZONA RURAL
6329010;GENERAL HORNOS
6329020;GENERAL LAS HERAS
6329030;LA CHOZA
6329050;PLOMER
6329060;VILLARS
6336000;ZONA RURAL
6336020;GENERAL LAVALLE
6336030;PAVON
6343000;ZONA RURAL
6343010;BARRIO RIO SALADO
6343020;LOMA VERDE
6343030;RANCHOS
6343040;VILLANUEVA
6351000;ZONA RURAL
6351010;COLONIA SAN RICARDO
6351020;GENERAL PINTO
6351030;GERMANIA
6351035;GUNTHER
6351040;VILLA FRANCIA
6351050;VILLA ROTH
6357000;ZONA RURAL
6357020;BARRIO EL BOQUERON
6357050;BARRIO LA GLORIA
6357060;BARRIO SANTA PAULA
6357070;BATAN
6357080;CHAPADMALAL
6357090;EL MARQUESADO
6357100;ESTACION CHAPADMALAL
6357110;MAR DEL PLATA
6357120;SIERRA DE LOS PADRES
6364000;ZONA RURAL
6364030;GENERAL RODRIGUEZ
6371010;GENERAL SAN MARTIN
6385000;ZONA RURAL
6385010;BAIGORRITA
6385020;LA DELFINA
6385030;LOS TOLDOS
6385040;SAN EMILIO
6385050;ZAVALIA
6392000;ZONA RURAL
6392010;BANDERALO
6392020;CAÑADA SECA
6392030;CORONEL CHARLONE
6392040;EMILIO V. BUNGE
6392050;GENERAL VILLEGAS
6392060;MASSEY
6392070;PICHINCHA
6392080;PIEDRITAS
6392090;SANTA ELEODORA
6392100;SANTA REGINA
6392110;VILLA SABOYA
6392120;VILLA SAUZE
6399000;ZONA RURAL
6399010;ARROYO VENADO
6399020;CASBAS
6399030;GARRE
6399040;GUAMINI
6399050;LAGUNA ALSINA
6406000;ZONA RURAL
6406010;HENDERSON
6406020;HERRERA VEGAS
6408010;HURLINGHAM
6410010;ITUZAINGO
6412010;JOSE C. PAZ
6413000;ZONA RURAL
6413010;AGUSTIN ROCA
6413020;AGUSTINA
6413030;BALNEARIO LAGUNA DE GOMEZ
6413040;FORTIN TIBURCIO
6413050;JUNIN
6413055;LA AGRARIA
6413060;LAPLACETTE
6413070;MORSE
6413080;SAFORCADA
6420000;ZONA RURAL
6420010;LAS TONINAS
6420020;MAR DE AJO - SAN BERNARDO
6420030;SAN CLEMENTE DEL TUYU
6420040;SANTA TERESITA - MAR DEL TUYU
6427000;ZONA RURAL
6427010;LA MATANZA
6434010;LANUS
6441000;ZONA RURAL
6441010;COUNTRY CLUB EL RODEO
6441020;IGNACIO CORREAS
6441030;LA PLATA
6441040;LOMAS DE COPELLO
6441050;RUTA SOL
6448000;ZONA RURAL
6448010;LAPRIDA
6448020;PUEBLO NUEVO
6448030;PUEBLO SAN JORGE
6455000;ZONA RURAL
6455010;CORONEL BOERR
6455020;EL TRIGO
6455030;LAS FLORES
6455040;PARDO
6462000;ZONA RURAL
6462010;ALBERDI VIEJO
6462020;EL DORADO
6462030;FORTIN ACHA
6462040;JUAN BAUTISTA ALBERDI
6462050;LEANDRO N. ALEM
6462060;VEDIA
6469000;ZONA RURAL
6469010;ARENAZA
6469020;BAYAUCA
6469030;BERMUDEZ
6469040;CARLOS SALAS
6469050;CORONEL MARTINEZ DE HOZ
6469060;EL TRIUNFO
6469070;LAS TOSCAS
6469080;LINCOLN
6469090;PASTEUR
6469100;ROBERTS
6469110;TRIUNVIRATO
6476000;ZONA RURAL
6476010;ARENAS VERDES
6476020;LICENCIADO MATIENZO
6476030;LOBERIA
6476040;PIERES
6476050;SAN MANUEL
6476060;TAMANGUEYU
6483000;ZONA RURAL
6483010;ANTONIO CARBONI
6483020;ELVIRA
6483030;LAGUNA DE LOBOS
6483040;LOBOS
6483050;SALVADOR MARIA
6490010;LOMAS DE ZAMORA
6497000;ZONA RURAL
6497020;CARLOS KEEN
6497025;CLUB DE CAMPO LOS PUENTES
6497060;LUJAN
6497070;OLIVERA
6497090;TORRES
6505000;ZONA RURAL
6505010;ATALAYA
6505020;GENERAL MANSILLA
6505030;LOS NARANJOS
6505040;MAGDALENA
6505050;ROBERTO J PAYRO
6505060;VIEYTES
6511000;ZONA RURAL
6511010;LAS ARMAS
6511020;MAIPU
6511030;SANTO DOMINGO
6515010;MALVINAS ARGENTINAS
6518000;ZONA RURAL
6518010;CORONEL VIDAL
6518020;GENERAL PIRAN
6518030;LA ARMONIA
6518040;MAR CHIQUITA
6518050;MAR DE COBO
6518060;SANTA CLARA DEL MAR
6518070;VIVORATA
6525000;ZONA RURAL
6525010;BARRIO SANTA ROSA
6525020;MARCOS PAZ
6532000;ZONA RURAL
6532005;GOLDNEY
6532010;GOWLAND
6532020;MERCEDES
6532030;JORGE BORN
6539000;ZONA RURAL
6539010;MERLO
6547000;ZONA RURAL
6547010;ABBOTT
6547020;SAN MIGUEL DEL MONTE
6547030;ZENON VIDELA DORNA
6553000;ZONA RURAL
6553010;BALNEARIO SAUCE GRANDE
6553020;MONTE HERMOSO
6560010;MORENO
6568010;MORON
6574000;ZONA RURAL
6574010;JOSE JUAN ALMEYRA
6574020;LAS MARIANAS
6574030;NAVARRO
6574040;VILLA MOLL
6581000;ZONA RURAL
6581010;CLARAZ
6581025;ENERGIA
6581030;JUAN N. FERNANDEZ
6581040;NECOCHEA - QUEQUEN
6581050;NICANOR OLIVERA
6581060;RAMON SANTAMARINA
6588000;ZONA RURAL
6588010;ALFREDO DEMARCHI
6588020;CARLOS MARIA NAON
6588030;12 DE OCTUBRE
6588040;DUDIGNAC
6588050;LA AURORA
6588060;MANUEL B. GONNET
6588070;MARCELINO UGARTE
6588080;MOREA
6588090;NORUMBEGA
6588100;9 DE JULIO
6588110;PATRICIOS
6588120;VILLA FOURNIER
6595000;ZONA RURAL
6595010;BLANCAGRANDE
6595030;COLONIA NIEVAS
6595040;COLONIA SAN MIGUEL
6595050;ESPIGAS
6595060;HINOJO
6595070;OLAVARRIA
6595080;RECALDE
6595090;SANTA LUISA
6595100;SIERRA CHICA
6595110;SIERRAS BAYAS
6595120;VILLA ALFREDO FORTABAT
6595130;VILLA LA SERRANIA
6602000;ZONA RURAL
6602010;BAHIA SAN BLAS
6602020;CARDENAL CAGLIERO
6602030;CARMEN DE PATAGONES
6602040;JOSE B. CASAS
6602050;JUAN A. PRADERE
6602060;STROEDER
6602070;VILLALONGA
6609000;ZONA RURAL
6609010;CAPITAN CASTRO
6609020;SAN ESTEBAN
6609030;FRANCISCO MADERO
6609035;INOCENCIO SOSA
6609040;JUAN JOSE PASO
6609050;MAGDALA
6609060;MONES CAZON
6609070;NUEVA PLATA
6609080;PEHUAJO
6609090;SAN BERNARDO
6616000;ZONA RURAL
6616010;BOCAYUVA
6616020;DE BARY
6616030;PELLEGRINI
6623000;ZONA RURAL
6623010;ACEVEDO
6623020;FONTEZUELA
6623030;GUERRICO
6623040;JUAN A. DE LA PEÑA
6623050;JUAN ANCHORENA
6623060;LA VIOLETA
6623070;MANUEL OCAMPO
6623080;MARIANO BENITEZ
6623090;MARIANO H. ALFONZO
6623100;PERGAMINO
6623110;PINZON
6623120;RANCAGUA
6623130;VILLA ANGELICA
6623140;VILLA SAN JOSE
6630000;ZONA RURAL
6630010;CASALINS
6630020;PILA
6638000;ZONA RURAL
6638040;PILAR
6644000;ZONA RURAL
6644010;PINAMAR
6648000;ZONA RURAL
6648010;PRESIDENTE PERON
6651000;ZONA RURAL
6651010;AZOPARDO
6651020;BORDENAVE
6651030;DARREGUEIRA
6651040;17 DE AGOSTO
6651050;ESTELA
6651060;FELIPE SOLA
6651070;LOPEZ LECUBE
6651080;PUAN
6651090;SAN GERMAN
6651100;VILLA CASTELAR
6651110;VILLA IRIS
6655000;ZONA RURAL
6655010;ALVAREZ JONTE
6655030;PIPINAS
6655040;PUNTA INDIO
6655050;VERONICA
6658010;QUILMES
6665000;ZONA RURAL
6665010;EL PARAISO
6665020;LAS BAHAMAS
6665030;PEREZ MILLAN
6665040;RAMALLO
6665050;VILLA GENERAL SAVIO
6665060;VILLA RAMALLO
6672000;ZONA RURAL
6672010;RAUCH
6679000;ZONA RURAL
6679010;AMERICA
6679020;FORTIN OLAVARRIA
6679030;GONZALEZ MORENO
6679040;MIRA PAMPA
6679050;ROOSEVELT
6679060;SAN MAURICIO
6679070;SANSINENA
6679080;SUNDBLAD
6686000;ZONA RURAL
6686010;LA BEBA
6686020;LAS CARABELAS
6686030;LOS INDIOS
6686040;RAFAEL OBLIGADO
6686050;ROBERTO CANO
6686060;ROJAS
6686070;SOL DE MAYO
6686080;VILLA MANUEL POMAR
6693000;ZONA RURAL
6693010;CARLOS BEGUERIE
6693020;ROQUE PEREZ
6700000;ZONA RURAL
6700010;ARROYO CORTO
6700020;COLONIA SAN MARTIN
6700030;DUFAUR
6700040;ESPARTILLAR
6700050;GOYENA
6700055;LAS ENCADENADAS
6700060;PIGÜE
6700070;SAAVEDRA
6707000;ZONA RURAL
6707010;ALVAREZ DE TOLEDO
6707030;CAZON
6707040;DEL CARRIL
6707050;POLVAREDAS
6707060;SALADILLO
6714000;ZONA RURAL
6714010;ARROYO DULCE
6714020;BERDIER
6714030;GAHAN
6714040;INES INDART
6714050;LA INVENCIBLE
6714060;SALTO
6721000;ZONA RURAL
6721010;QUENUMA
6721020;SALLIQUELO
6728000;ZONA RURAL
6728010;AZCUENAGA
6728020;CUCULLU
6728030;FRANKLIN
6728040;SAN ANDRES DE GILES
6728050;SOLIS
6728060;VILLA ESPIL
6728070;VILLA RUIZ
6735000;ZONA RURAL
6735010;DUGGAN
6735020;SAN ANTONIO DE ARECO
6735030;VILLA LIA
6742000;ZONA RURAL
6742010;BALNEARIO SAN CAYETANO
6742020;OCHANDIO
6742030;SAN CAYETANO
6749000;ZONA RURAL
6749010;SAN FERNANDO
6756010;SAN ISIDRO
6760010;SAN MIGUEL
6763000;ZONA RURAL
6763010;CONESA
6763020;EREZCANO
6763030;GENERAL ROJO
6763040;LA EMILIA
6763050;SAN NICOLAS DE LOS ARROYOS
6763060;VILLA ESPERANZA
6770000;ZONA RURAL
6770010;GOBERNADOR CASTRO
6770015;INGENIERO MONETA
6770020;OBLIGADO
6770030;PUEBLO DOYLE
6770040;RIO TALA
6770050;SAN PEDRO
6770060;SANTA LUCIA
6778000;ZONA RURAL
6778020;SAN VICENTE
6784000;ZONA RURAL
6784010;GENERAL RIVAS
6784020;SUIPACHA
6791000;ZONA RURAL
6791010;DE LA CANAL
6791030;GARDEY
6791040;MARIA IGNACIA
6791050;TANDIL
6798000;ZONA RURAL
6798010;CROTTO
6798020;TAPALQUE
6798030;VELLOSO
6805000;ZONA RURAL
6805010;TIGRE
6812000;ZONA RURAL
6812010;GENERAL CONESA
6819000;ZONA RURAL
6819010;CHASICO
6819020;SALDUNGARAY
6819030;SIERRA DE LA VENTANA
6819040;TORNQUIST
6819050;TRES PICOS
6819060;LA GRUTA
6819070;VILLA VENTANA
6826000;ZONA RURAL
6826010;BERUTTI
6826020;GIRODIAS
6826030;LA CARRETA
6826040;30 DE AGOSTO
6826050;TRENQUE LAUQUEN
6826060;TRONGE
6833000;ZONA RURAL
6833010;BALNEARIO ORENSE
6833020;CLAROMECO
6833030;COPETONAS
6833040;LIN CALEL
6833050;MICAELA CASCALLARES
6833060;ORENSE
6833070;RETA
6833080;SAN FRANCISCO DE BELLOCQ
6833090;SAN MAYOL
6833100;TRES ARROYOS
6833110;VILLA RODRIGUEZ
6840010;TRES DE FEBRERO
6847000;ZONA RURAL
6847010;INGENIERO THOMPSON
6847020;TRES LOMAS
6854000;ZONA RURAL
6854010;AGUSTIN MOSCONI
6854020;DEL VALLE
6854030;ERNESTINA
6854040;GOBERNADOR UGARTE
6854050;LUCAS MONTEVERDE
6854060;NORBERTO DE LA RIESTRA
6854070;PEDERNALES
6854080;SAN ENRIQUE
6854090;VALDES
6854100;25 DE MAYO
6861010;VICENTE LOPEZ
6868000;ZONA RURAL
6868010;MAR AZUL
6868020;VILLA GESELL
6875000;ZONA RURAL
6875010;ARGERICH
6875020;COLONIA SAN ADOLFO
6875025;COUNTRY LOS MEDANOS
6875030;HILARIO ASCASUBI
6875040;JUAN COUSTE
6875050;MAYOR BURATOVICH
6875060;MEDANOS
6875070;PEDRO LURO
6875080;TENIENTE ORIGONE
6882000;ZONA RURAL
6882020;COUNTRY CLUB EL CASCO
6882030;ESCALADA
6882040;LIMA
6882050;ZARATE
10007000;ZONA RURAL
10007010;CHUCHUCARUANA
10007020;COLPES
10007030;EL BOLSÓN
10007040;EL RODEO
10007050;HUAYCAMA
10007060;LA PUERTA
10007070;LAS CHACRITAS
10007080;LAS JUNTAS
10007090;LOS CASTILLOS
10007100;LOS TALAS
10007110;LOS VARELA
10007120;SINGUIL
10014000;ZONA RURAL
10014010;ANCASTI
10014020;ANQUINCILA
10014030;LA CANDELARIA
10014040;LA MAJADA
10021000;ZONA RURAL
10021010;AMANAO
10021020;ANDALGALÁ
10021030;CHAQUIAGO
10021040;CHOYA
10021050;EL ALAMITO
10021060;EL LINDERO
10021070;EL POTRERO
10021080;LA AGUADA
10028000;ZONA RURAL
10028010;ANTOFAGASTA DE LA SIERRA
10028020;ANTOFALLA
10028030;EL PEÑÓN
10028040;LOS NACIMIENTOS
10035000;ZONA RURAL
10035010;BARRANCA LARGA
10035020;BELÉN
10035030;CONDOR HUASI
10035040;CORRAL QUEMADO
10035050;EL DURAZNO
10035060;FARALLÓN NEGRO
10035070;HUALFIN
10035080;JACIPUNCO
10035090;LA PUNTILLA
10035100;LAS JUNTAS
10035110;LONDRES
10035120;LOS NACIMIENTOS
10035130;PUERTA DE CORRAL QUEMADO
10035140;PUERTA DE SAN JOSÉ
10035150;VILLA VIL
10042000;ZONA RURAL
10042010;ADOLFO E. CARRANZA
10042020;BALDE DE LA PUNTA
10042030;CAPAYÁN
10042040;CHUMBICHA
10042050;COLONIA DEL VALLE
10042060;COLONIA NUEVA CONETA
10042070;CONCEPCIÓN
10042080;CONETA
10042090;EL BAÑADO
10042100;HUILLAPIMA
10042110;LOS ANGELES
10042120;MIRAFLORES
10042130;SAN MARTÍN
10042140;SAN PABLO
10042150;SAN PEDRO
10049000;ZONA RURAL
10049020;EL PANTANILLO
10049030;SAN FERNANDO DEL VALLE DE CATAM
10056000;ZONA RURAL
10056010;EL ALTO
10056020;GUAYAMBA
10056030;INFANZÓN
10056040;LOS CORRALES
10056050;TAPSO
10056060;VILISMÁN
10063000;ZONA RURAL
10063010;COLLAGASTA
10063020;POMANCILLO ESTE
10063030;POMANCILLO OESTE
10063040;SAN JOSÉ
10063050;VILLA LAS PIRQUITAS
10070000;ZONA RURAL
10070010;CASA DE PIEDRA
10070020;EL AYBAL
10070030;EL BAÑADO
10070040;EL DIVISADERO
10070050;EL QUIMILO
10070060;ESQUIÚ
10070070;ICAÑO
10070080;LA DORADA
10070090;LA GUARDIA
10070100;LAS ESQUINAS
10070110;LAS PALMITAS
10070120;QUIRÓS
10070130;RAMBLONES
10070140;RECREO
10070150;SAN ANTONIO
10077000;ZONA RURAL
10077010;AMADORES
10077020;EL ROSARIO
10077030;LA BAJADA
10077040;LA HIGUERA
10077050;LA MERCED
10077060;LA VIÑA
10077070;LAS LAJAS
10077080;MONTE POTRERO
10077090;PALO LABRADO
10077100;SAN ANTONIO
10077110;VILLA DE BALCOZNA
10084000;ZONA RURAL
10084010;APOYACO
10084020;COLANA
10084030;COLPES
10084040;EL PAJONAL
10084050;JOYANGO
10084060;MUTQUIN
10084070;POMÁN
10084080;RINCÓN
10084090;SAN MIGUEL
10084100;SAUJIL
10084110;SIJÁN
10091000;ZONA RURAL
10091010;ANDALHUALA
10091020;CASPICHANGO
10091030;CHAÑAR PUNCO
10091040;EL CAJÓN
10091050;EL DESMONTE
10091060;EL PUESTO
10091070;FAMATANCA
10091080;FUERTE QUEMADO
10091090;LA HOYADA
10091100;LA LOMA
10091110;LAS MOJARRAS
10091120;LORO HUASI
10091130;PUNTA DE BALASTO
10091140;SAN JOSÉ
10091150;SANTA MARÍA
10091160;YAPES
10098000;ZONA RURAL
10098010;ALIJILÁN
10098020;BAÑADO DE OVANTA
10098030;LAS CAÑAS
10098040;LAVALLE
10098050;LOS ALTOS
10098060;MANANTIALES
10098070;SAN PEDRO
10105000;ZONA RURAL
10105010;ANILLACO
10105020;ANTINACO
10105030;BANDA DE LUCERO
10105040;CERRO NEGRO
10105050;COPACABANA
10105060;CORDOBITA
10105070;COSTA DE REYES
10105080;EL PUEBLITO
10105090;EL PUESTO
10105100;EL SALADO
10105110;FIAMBALÁ
10105120;LOS BALVERDIS
10105130;MEDANITOS
10105140;PALO BLANCO
10105150;PUNTA DEL AGUA
10105160;SAUJIL
10105170;TATÓN
10105180;TINOGASTA
10112000;ZONA RURAL
10112010;EL PORTEZUELO
10112020;HUAYCAMA
10112030;LAS TEJAS
10112040;SAN ISIDRO
10112050;SANTA CRUZ
14007000;ZONA RURAL
14007010;AMBOY
14007020;ARROYO SAN ANTONIO
14007030;CANADA DEL SAUCE
14007040;CAPILLA VIEJA
14007050;EL CORCOVADO - EL TORREON
14007055;EL DURAZNO
14007060;EMBALSE
14007070;LA CRUZ
14007080;LA CUMBRECITA
14007090;LAS BAJADAS
14007100;LAS CALERAS
14007110;LOS CONDORES
14007120;LOS MOLINOS
14007130;LOS REARTES
14007140;LUTTI
14007160;PARQUE CALMAYO
14007170;RIO DE LOS SAUCES
14007180;SAN AGUSTIN
14007190;SAN IGNACIO (LOTEO SAN JAVIER)
14007210;SANTA ROSA DE CALAMUCHITA
14007220;SEGUNDA USINA
14007230;SOLAR DE LOS MOLINOS
14007240;VILLA ALPINA
14007250;VILLA AMANCAY
14007260;VILLA BERNA
14007270;VILLA CIUDAD PARQUE LOS REARTES
14007290;VILLA DEL DIQUE
14007300;VILLA EL TALA
14007310;VILLA GENERAL BELGRANO
14007320;VILLA LA RIVERA
14007330;VILLA QUILLINZO
14007340;VILLA RUMIPAL
14007360;VILLA YACANTO
14014000;ZONA RURAL
14014010;CORDOBA
14021000;ZONA RURAL
14021010;AGUA DE ORO
14021020;ASCOCHINGA
14021025;BARRIO NUEVO RIO CEBALLOS
14021030;CANTERAS EL SAUCE
14021040;CASA BAMBA
14021050;COLONIA CAROYA
14021060;COLONIA TIROLESA
14021070;COLONIA VICENTE AGÜACERO
14021075;VILLA CORAZON DE MARIA
14021080;CORRAL QUEMADO
14021090;COUNTRY SAN ISIDRO - COUNTRY CHACRAS DE
14021110;EL MANZANO
14021120;ESTACION COLONIA TIROLESA
14021130;GENERAL PAZ
14021140;JESUS MARIA
14021150;LA CALERA
14021160;LA GRANJA
14021165;LA MORADA
14021170;LA PUERTA
14021175;LAS CORZUELAS
14021180;LOS MOLLES
14021190;MALVINAS ARGENTINAS
14021200;MENDIOLAZA
14021210;MI GRANJA
14021220;PAJAS BLANCAS
14021230;RIO CEBALLOS
14021240;SALDAN
14021250;SALSIPUEDES
14021260;SANTA ELENA
14021270;TINOCO
14021280;UNQUILLO
14021290;VILLA ALLENDE
14021300;VILLA CERRO AZUL
14021310;PARQUE NORTE - CIUDAD DE LOS NIÑOS - VIL
14021320;VILLA LOS LLANOS - JUAREZ CELMAN
14028000;ZONA RURAL
14028010;ALTO DE LOS QUEBRACHOS
14028020;BAÑADO DE SOTO
14028030;CANTERAS QUILPO
14028040;CRUZ DE CAÑA
14028050;CRUZ DEL EJE
14028060;EL BRETE
14028070;EL RINCON
14028080;GUANACO MUERTO
14028090;LA BANDA
14028100;LA BATEA
14028110;LA HIGUERA
14028120;LAS CAÑADAS
14028130;LAS PLAYAS
14028140;LOS CHAÑARITOS
14028150;MEDIA NARANJA
14028160;PASO VIEJO
14028170;SAN MARCOS SIERRA
14028180;SERREZUELA
14028190;TUCLAME
14028200;VILLA DE SOTO
14035000;ZONA RURAL
14035010;DEL CAMPILLO
14035020;ESTACION LECUEDER
14035030;HIPOLITO BOUCHARD
14035040;HUINCA RENANCO
14035050;ITALO
14035060;MATTALDI
14035070;NICOLAS BRUZZONE
14035080;ONAGOITY
14035090;PINCEN
14035100;RANQUELES
14035110;SANTA MAGDALENA
14035120;VILLA HUIDOBRO
14035130;VILLA SARMIENTO
14035140;VILLA VALERIA
14042000;ZONA RURAL
14042010;ARROYO ALGODON
14042020;ARROYO CABRAL
14042030;AUSONIA
14042040;CHAZON
14042050;ETRURIA
14042060;LA LAGUNA
14042070;LA PALESTINA
14042080;LA PLAYOSA
14042090;LAS MOJARRAS
14042100;LUCA
14042110;PASCO
14042120;SANABRIA
14042130;SILVIO PELLICO
14042140;TICINO
14042150;TIO PUJIO
14042160;VILLA ALBERTINA
14042170;VILLA MARIA
14042180;VILLA NUEVA
14042190;VILLA OESTE
14049000;ZONA RURAL
14049010;AVELLANEDA
14049020;CAÑADA DE RIO PINTO
14049030;CHUÑA
14049040;COPACABANA
14049050;DEAN FUNES
14049060;ESQUINA DEL ALAMBRE
14049080;LOS POZOS
14049090;OLIVARES DE SAN NICOLAS
14049100;QUILINO
14049110;SAN PEDRO DE TOYOS
14049120;VILLA GUTIERREZ
14049130;VILLA QUILINO
14056000;ZONA RURAL
14056010;ALEJANDRO ROCA
14056020;ASSUNTA
14056030;BENGOLEA
14056040;CARNERILLO
14056050;CHARRAS
14056060;EL RASTREADOR
14056070;GENERAL CABRERA
14056080;GENERAL DEHEZA
14056090;HUANCHILLAS
14056100;LA CARLOTA
14056110;LOS CISNES
14056120;OLAETA
14056130;PACHECO DE MELO
14056140;PASO DEL DURAZNO
14056150;SANTA EUFEMIA
14056160;UCACHA
14056170;VILLA REDUCCION
14063000;ZONA RURAL
14063010;ALEJO LEDESMA
14063020;ARIAS
14063030;CAMILO ALDAO
14063040;CAPITAN GENERAL BERNARDO O HIGGINS
14063050;CAVANAGH
14063060;COLONIA BARGE
14063070;COLONIA ITALIANA
14063080;COLONIA VEINTICINCO
14063090;CORRAL DE BUSTOS
14063100;CRUZ ALTA
14063110;GENERAL BALDISSERA
14063120;GENERAL ROCA
14063130;GUATIMOZIN
14063140;INRIVILLE
14063150;ISLA VERDE
14063160;LEONES
14063170;LOS SURGENTES
14063180;MARCOS JUAREZ
14063190;MONTE BUEY
14063210;SAIRA
14063220;SALADILLO
14063230;VILLA ELISA
14070000;ZONA RURAL
14070010;CIENAGA DEL CORO
14070020;EL CHACHO
14070030;ESTANCIA DE GUADALUPE
14070040;GUASAPAMPA
14070050;LA PLAYA
14070060;SAN CARLOS MINAS
14070070;TALAINI
14070080;TOSNO
14077000;ZONA RURAL
14077010;CHANCANI
14077020;LAS PALMAS
14077030;LOS TALARES
14077040;SALSACATE
14077050;SAN GERONIMO
14077060;TALA CAÑADA
14077070;TANINGA
14077080;VILLA DE POCHO
14084000;ZONA RURAL
14084010;GENERAL LEVALLE
14084020;LA CESIRA
14084030;LABOULAYE
14084040;LEGUIZAMON
14084050;MELO
14084060;RIO BAMBA
14084070;ROSALES
14084080;SAN JOAQUIN
14084090;SERRANO
14084100;VILLA ROSSI
14091000;ZONA RURAL
14091010;BARRIO SANTA ISABEL
14091020;BIALET MASSE
14091030;CABALANGO
14091040;CAPILLA DEL MONTE
14091050;CASA GRANDE
14091060;CHARBONIER
14091070;COSQUIN
14091080;CUESTA BLANCA
14091090;ESTANCIA VIEJA
14091100;HUERTA GRANDE
14091110;LA CUMBRE
14091120;LA FALDA
14091130;LAS JARILLAS
14091140;LOS COCOS
14091150;MALLIN
14091160;MAYU SUMAJ
14091170;QUEBRADA DE LUNA
14091180;SAN ANTONIO DE ARREDONDO
14091190;SAN ESTEBAN
14091200;SAN ROQUE
14091210;SANTA MARIA DE PUNILLA
14091220;TALA HUASI
14091230;TANTI
14091240;VALLE HERMOSO
14091250;VILLA CARLOS PAZ
14091260;VILLA FLOR SERRANA
14091270;VILLA GIARDINO
14091280;VILLA LAGO AZUL
14091290;VILLA PARQUE SIQUIMAN
14091300;VILLA RIO ICHO CRUZ
14091310;VILLA SAN JOSE
14091320;VILLA SANTA CRUZ DEL LAGO
14098000;ZONA RURAL
14098010;ACHIRAS
14098020;ADELIA MARIA
14098030;ALCIRA GIGENA
14098040;ALPA CORRAL
14098050;BERROTARAN
14098060;BULNES
14098070;CHAJAN
14098080;CHUCUL
14098090;CORONEL BAIGORRIA
14098100;CORONEL MOLDES
14098110;ELENA
14098120;LA CAROLINA
14098130;LA CAUTIVA
14098140;LA GILDA
14098150;LAS ACEQUIAS
14098160;LAS ALBAHACAS
14098170;LAS HIGUERAS
14098180;LAS PEÑAS
14098190;LAS VERTIENTES
14098200;MALENA
14098210;MONTE DE LOS GAUCHOS
14098220;PASO DEL DURAZNO
14098230;RIO CUARTO
14098240;SAMPACHO
14098250;SAN BASILIO
14098260;SANTA CATALINA HOLMBERG
14098270;SUCO
14098280;TOSQUITA
14098290;VICUÑA MACKENNA
14098300;VILLA EL CHACAY
14098310;VILLA SANTA EUGENIA
14098320;WASHINGTON
14105000;ZONA RURAL
14105010;ATAHONA
14105020;CAÑADA DE MACHADO
14105030;CAPILLA DE LOS REMEDIOS
14105040;CHALACEA
14105050;COLONIA LAS CUATRO ESQUINAS
14105060;DIEGO DE ROJAS
14105070;EL ALCALDE
14105080;EL CRISPIN
14105090;ESQUINA
14105100;KILOMETRO 658
14105110;LA PARA
14105120;LA POSTA
14105130;LA PUERTA
14105140;LA QUINTA
14105150;LAS GRAMILLAS
14105160;LAS SALADAS
14105170;MAQUINISTA GALLINI
14105180;MONTE DEL ROSARIO
14105190;MONTECRISTO
14105200;OBISPO TREJO
14105210;PIQUILLIN
14105220;PLAZA DE MERCEDES
14105230;PUEBLO COMECHINGONES
14105240;RIO PRIMERO
14105250;SAGRADA FAMILIA
14105260;SANTA ROSA DE RIO PRIMERO
14105270;VILLA FONTANA
14112000;ZONA RURAL
14112010;CERRO COLORADO
14112020;CHAÑAR VIEJO
14112030;EUFRASIO LOZA
14112040;GUTEMBERG
14112050;LA RINCONADA
14112060;LOS HOYOS
14112070;PUESTO DE CASTRO
14112080;RAYO CORTADO
14112090;SAN PEDRO DE GUTEMBERG
14112100;SANTA ELENA
14112110;SEBASTIAN ELCANO
14112120;VILLA CANDELARIA
14112130;VILLA DE MARIA
14119000;ZONA RURAL
14119010;CALCHIN
14119020;CALCHIN OESTE
14119030;CAPILLA DEL CARMEN
14119040;CARRILOBO
14119050;COLAZO
14119060;COLONIA VIDELA
14119070;COSTASACATE
14119080;IMPIRA
14119090;LAGUNA LARGA
14119100;LAS JUNTURAS
14119110;LOS CHAÑARITOS
14119120;LUQUE
14119130;MANFREDI
14119140;MATORRALES
14119150;ONCATIVO
14119160;PILAR
14119170;POZO DEL MOLLE
14119180;RINCON
14119190;RIO SEGUNDO
14119200;SANTIAGO TEMPLE
14119210;VILLA DEL ROSARIO
14126000;ZONA RURAL
14126010;AMBUL
14126020;ARROYO LOS PATOS
14126030;EL HUAYCO
14126040;LA CORTADERA
14126050;LAS CALLES
14126060;LAS OSCURAS
14126070;LAS RABONAS
14126080;LOS CALLEJONES
14126090;MINA CLAVERO
14126100;MUSSI
14126110;NONO
14126120;PANAHOLMA
14126130;SAN HUBERTO
14126140;SAN LORENZO
14126150;SAN MARTIN
14126160;SAN PEDRO
14126170;SAN VICENTE
14126180;SAUCE ARRIBA
14126190;TASNA
14126200;VILLA CURA BROCHERO
14126210;VILLA SARMIENTO
14133000;ZONA RURAL
14133010;CONLARA
14133030;CRUZ CAÑA
14133040;DOS ARROYOS
14133050;EL PANTANILLO
14133060;LA PAZ
14133070;LA POBLACION
14133080;LA RAMADA
14133090;LA TRAVESIA
14133095;LAS CHACRAS
14133100;LAS TAPIAS
14133105;LOMA BOLA
14133110;LOS CERRILLOS
14133120;LOS HORNILLOS
14133130;LOS MOLLES
14133150;LUYABA
14133155;QUEBRACHO LADEADO
14133160;QUEBRADA DE LOS POZOS
14133170;SAN JAVIER Y YACANTO
14133180;SAN JOSE
14133190;VILLA DE LAS ROSAS
14133200;VILLA DOLORES
14133210;VILLA LA VIÑA
14140000;ZONA RURAL
14140010;ALICIA
14140020;ALTOS DE CHIPION
14140030;ARROYITO
14140040;BALNEARIA
14140050;BRINKMANN
14140060;COLONIA ANITA
14140070;COLONIA 10 DE JULIO
14140080;COLONIA LAS PICHANAS
14140090;COLONIA MARINA
14140100;COLONIA PROSPERIDAD
14140110;COLONIA SAN BARTOLOME
14140120;COLONIA SAN PEDRO
14140130;COLONIA SANTA MARIA
14140140;COLONIA VALTELINA
14140150;COLONIA VIGNAUD
14140160;DEVOTO
14140170;EL ARAÑADO
14140180;EL FORTIN
14140190;EL FUERTECITO
14140200;EL TIO
14140210;ESTACION LUXARDO
14140215;COLONIA ITURRASPE
14140220;FREYRE
14140230;LA FRANCIA
14140240;LA PAQUITA
14140250;LA TORDILLA
14140260;LAS VARAS
14140270;LAS VARILLAS
14140280;MARULL
14140290;MIRAMAR
14140300;MORTEROS
14140310;PLAZA LUXARDO
14140320;PLAZA SAN FRANCISCO
14140330;PORTEÑA
14140340;QUEBRACHO HERRADO
14140350;SACANTA
14140360;SAN FRANCISCO
14140370;SATURNINO MARIA LASPIUR
14140380;SEEBER
14140390;TORO PUJIO
14140400;TRANSITO
14140420;VILLA CONCEPCION DEL TIO
14140430;VILLA DEL TRANSITO
14140440;VILLA SAN ESTEBAN
14147000;ZONA RURAL
14147010;ALTA GRACIA
14147020;ANISACATE
14147030;BARRIO GILBERT (1° DE MAYO) - TEJAS TRES
14147050;BOWER
14147055;CAMPOS DEL VIRREY
14147060;CASEROS CENTRO
14147065;CAUSANA
14147070;COSTA AZUL
14147080;DESPEÑADEROS
14147090;DIQUE CHICO
14147095;EL POTRERILLO
14147100;FALDA DEL CAÑETE
14147110;FALDA DEL CARMEN
14147115;JOSE DE LA QUINTANA
14147120;LA BOCA DEL RIO
14147130;LA CARBONADA
14147150;LA PAISANITA
14147160;LA PERLA
14147170;LA RANCHERITA Y LAS CASCADAS
14147180;LA SERRANITA
14147190;LOS CEDROS
14147200;LOZADA
14147210;MALAGUEÑO
14147217;MILENICA
14147220;MONTE RALO
14147230;POTRERO DE GARAY
14147240;RAFAEL GARCIA
14147250;SAN CLEMENTE
14147260;SAN NICOLAS - TIERRA ALTA
14147270;SOCAVONES
14147280;TOLEDO
14147290;VALLE ALEGRE
14147300;VALLE DE ANISACATE
14147310;VILLA CIUDAD DE AMERICA
14147320;VILLA DEL PRADO
14147330;VILLA LA BOLSA
14147340;VILLA LOS AROMOS
14147350;VILLA PARQUE SANTA ANA
14147360;VILLA SAN ISIDRO
14147370;VILLA SIERRAS DE ORO
14147380;YOCSINA
14154000;ZONA RURAL
14154010;CAMINIAGA
14154030;CHUÑA HUASI
14154040;POZO NUEVO
14154050;SAN FRANCISCO DEL CHAÑAR
14161000;ZONA RURAL
14161010;ALMAFUERTE
14161020;COLONIA ALMADA
14161030;CORRALITO
14161040;DALMACIO VELEZ
14161050;GENERAL FOTHERINGHAM
14161060;HERNANDO
14161070;JAMES CRAIK
14161080;LAS ISLETILLAS
14161090;LAS PERDICES
14161100;LOS ZORROS
14161110;OLIVA
14161120;PAMPAYASTA NORTE
14161130;PAMPAYASTA SUD
14161140;PUNTA DEL AGUA
14161150;RIO TERCERO
14161160;TANCACHA
14161170;VILLA ASCASUBI
14168000;ZONA RURAL
14168010;CANDELARIA SUR
14168020;CAÑADA DE LUQUE
14168030;CAPILLA DE SITON
14168040;LA PAMPA
14168060;LAS PEÑAS
14168070;LOS MISTOLES
14168080;SANTA CATALINA
14168090;SARMIENTO
14168100;SIMBOLAR
14168110;SINSACATE
14168120;VILLA DEL TOTORAL
14175000;ZONA RURAL
14175020;CHURQUI CAÑADA
14175030;EL RODEO
14175040;EL TUSCAL
14175050;LAS ARRIAS
14175060;LUCIO V MANSILLA
14175070;ROSARIO DEL SALADILLO
14175080;SAN JOSE DE LA DORMIDA
14175090;SAN JOSE DE LAS SALINAS
14175100;SAN PEDRO NORTE
14175110;VILLA TULUMBA
14182000;ZONA RURAL
14182010;ALDEA SANTA MARIA
14182020;ALTO ALEGRE
14182030;ANA ZUMARAN
14182040;BALLESTEROS
14182050;BALLESTEROS SUD
14182060;BELL VILLE
14182070;BENJAMIN GOULD
14182080;CANALS
14182090;CHILIBROSTE
14182100;CINTRA
14182110;COLONIA BISMARCK
14182120;COLONIA BREMEN
14182130;IDIAZABAL
14182140;JUSTINIANO POSSE
14182150;LABORDE
14182160;MONTE LEÑA
14182170;MONTE MAIZ
14182180;MORRISON
14182190;NOETINGER
14182200;ORDOÑEZ
14182210;PASCANAS
14182220;PUEBLO ITALIANO
14182230;RAMON J CARCANO
14182240;SAN ANTONIO DE LITIN
14182250;SAN MARCOS
14182260;SAN SEVERO
14182270;VIAMONTE
14182280;VILLA LOS PATOS
14182290;WENCESLAO ESCALANTE
18007000;ZONA RURAL
18007010;BELLA VISTA
18014000;ZONA RURAL
18014010;BERÓN DE ASTRADA
18014020;YAHAPÉ
18021000;ZONA RURAL
18021020;CORRIENTES
18021030;LAGUNA BRAVA
18021040;RIACHUELO
18021050;SAN CAYETANO
18028000;ZONA RURAL
18028010;CONCEPCIÓN
18028020;SANTA ROSA
18028030;TABAY
18028040;TATACUÁ
18035000;ZONA RURAL
18035010;CAZADORES CORRENTINOS
18035020;CURUZÚ CUATIÁ
18035030;PERUGORRÍA
18042000;ZONA RURAL
18042010;EL SOMBRERO
18042020;EMPEDRADO
18049000;ZONA RURAL
18049010;ESQUINA
18049020;PUEBLO LIBERTADOR
18056000;ZONA RURAL
18056010;ALVEAR
18056020;ESTACIÓN TORRENT
18063000;ZONA RURAL
18063010;ITÁ IBATÉ
18063020;LOMAS DE VALLEJOS
18063030;NUESTRA SEÑORA DEL ROSARIO DE CAACATI
18063040;PALMAR GRANDE
18070000;ZONA RURAL
18070010;CAROLINA
18070020;GOYA
18077000;ZONA RURAL
18077010;ITATÍ
18077020;RAMADA PASO
18084000;ZONA RURAL
18084010;Colonia Liebig s
18084020;ITUZAINGÓ
18084030;SAN ANTONIO
18084040;SAN CARLOS
18084050;VILLA OLIVARI
18091000;ZONA RURAL
18091010;CRUZ DE LOS MILAGROS
18091020;GOBERNADOR JUAN E. MARTÍNEZ
18091030;LAVALLE
18091040;SANTA LUCÍA
18091050;VILLA CÓRDOBA
18091060;YATAYTÁ ­ CALLÁ
18098000;ZONA RURAL
18098010;MBURUCUYÁ
18105000;ZONA RURAL
18105010;FELIPE YOFRE
18105020;MARIANO I. LOZA
18105030;MERCEDES
18112000;ZONA RURAL
18112010;COLONIA LIBERTAD
18112020;ESTACIÓN LIBERTAD
18112030;JUAN PUJOL
18112040;MOCORETÁ
18112050;MONTE CASEROS
18112060;PARADA ACUÑA
18112070;PARADA LABOUGLE
18119000;ZONA RURAL
18119010;BONPLAND
18119020;PARADA PUCHETA
18119030;PASO DE LOS LIBRES
18119040;TAPEBICUÁ
18126000;ZONA RURAL
18126010;SALADAS
18126020;SAN LORENZO
18133000;ZONA RURAL
18133010;INGENIO PRIMER CORRENTINO
18133020;PASO DE LA PATRIA
18133030;SAN COSME
18133040;SANTA ANA
18140000;ZONA RURAL
18140010;SAN LUIS DEL PALMAR
18147000;ZONA RURAL
18147010;COLONIA CARLOS PELLEGRINI
18147020;GUAVIRAVÍ
18147030;LA CRUZ
18147040;YAPEYÚ
18154000;ZONA RURAL
18154010;LORETO
18154020;SAN MIGUEL
18161000;ZONA RURAL
18161010;CHAVARRÍA
18161020;COLONIA PANDO
18161030;9 DE JULIO
18161040;PEDRO R. FERNÁNDEZ
18161050;SAN ROQUE
18168000;ZONA RURAL
18168010;JOSÉ RAFAEL GÓMEZ
18168020;GARRUCHOS
18168030;GOBERNADOR IGR. VALENTÍN VIRASORO
18168040;SANTO TOMÉ
18175000;ZONA RURAL
18175010;SAUCE
22007000;ZONA RURAL
22007010;CONCEPCIÓN DEL BERMEJO
22007020;LOS FRENTONES
22007030;PAMPA DEL INFIERNO
22007040;RÍO MUERTO
22007050;TACO POZO
22014000;ZONA RURAL
22014010;GENERAL VEDIA
22014020;ISLA DEL CERRITO
22014030;LA LEONESA
22014040;LAS PALMAS
22014050;PUERTO BERMEJO NUEVO
22014060;PUERTO BERMEJO VIEJO
22014070;PUERTO EVA PERÓN
22021000;ZONA RURAL
22021010;PRESIDENCIA ROQUE SAENZ PEÑA
22028000;ZONA RURAL
22028010;CHARATA
22036000;ZONA RURAL
22036010;GANCEDO
22036020;GENERAL CAPDEVILA
22036030;GENERAL PINEDO
22036040;MESÓN DE FIERRO
22036050;PAMPA LANDRIEL
22039000;ZONA RURAL
22039010;HERMOSO CAMPO
22039020;ITÍN
22043000;ZONA RURAL
22043010;CHOROTIS
22043020;SANTA SYLVINA
22043030;VENADOS GRANDES
22049000;ZONA RURAL
22049010;CORZUELA
22056000;ZONA RURAL
22056010;LA ESCONDIDA
22056020;LA VERDE
22056030;LAPACHITO
22056040;MAKALLÉ
22063000;ZONA RURAL
22063010;EL ESPINILLO
22063020;EL SAUZAL
22063030;EL SAUZALITO
22063040;FORTÍN LAVALLE
22063050;FUERTE ESPERANZA
22063060;JUAN JOSÉ CASTELLI
22063070;MIRAFLORES
22063080;NUEVA POMPEYA
22063100;VILLA RÍO BERMEJITO
22063110;WICHI
22063120;ZAPARINQUI
22070000;ZONA RURAL
22070010;AVIA TERAI
22070020;CAMPO LARGO
22070030;FORTÍN LAS CHUÑAS
22070040;NAPENAY
22077000;ZONA RURAL
22077010;COLONIA POPULAR
22077020;ESTACIÓN GENERAL OBLIGADO
22077030;LAGUNA BLANCA
22077040;PUERTO TIROL
22084000;ZONA RURAL
22084010;CIERVO PETISO
22084020;GENERAL JOSÉ DE SAN MARTÍN
22084030;LA EDUVIGIS
22084040;LAGUNA LIMPIA
22084050;PAMPA ALMIRÓN
22084060;PAMPA DEL INDIO
22084070;PRESIDENCIA ROCA
22084080;SELVAS DEL RÍO DE ORO
22091000;ZONA RURAL
22091010;TRES ISLETAS
22098000;ZONA RURAL
22098010;CORONEL DU GRATY
22098020;ENRIQUE URIÉN
22098030;VILLA ANGELA
22105000;ZONA RURAL
22105010;LAS BREÑAS
22112000;ZONA RURAL
22112010;LA CLOTILDE
22112020;LA TIGRA
22112030;SAN BERNARDO
22119000;ZONA RURAL
22119010;PRESIDENCIA DE LA PLAZA
22126000;ZONA RURAL
22126010;BARRIO DE LOS PESCADORES
22126020;COLONIA BENÍTEZ
22126030;MARGARITA BELÉN
22133000;ZONA RURAL
22133010;QUITILIPI
22133020;VILLA EL PALMAR
22140000;ZONA RURAL
22140010;BARRANQUERAS
22140020;BASAIL
22140030;COLONIA BARANDA
22140040;FONTANA
22140050;PUERTO VILELAS
22140060;RESISTENCIA
22147000;ZONA RURAL
22147010;SAMUHÚ
22147020;VILLA BERTHET
22154000;ZONA RURAL
22154010;CAPITÁN SOLARI
22154020;COLONIA ELISA
22154030;COLONIAS UNIDAS
22154040;INGENIERO BARBET
22154050;LAS GARCITAS
22161000;ZONA RURAL
22161010;CHARADAI
22161020;COTE LAI
22161030;HAUMONIA
22161040;HORQUILLA
22161050;LA SABANA
22168000;ZONA RURAL
22168010;COLONIA ABORIGEN
22168020;MACHAGAI
22168030;NAPALPÍ
26007000;ZONA RURAL
26007010;ARROYO VERDE
26007020;PUERTO MADRYN
26007030;PUERTO PIRÁMIDES
26007040;QUINTAS EL MIRADOR
26007050;RESERVA AREA PROTEGIDA EL DORADILLO
26014000;ZONA RURAL
26014010;BUENOS AIRES CHICO
26014020;CHOLILA
26014025;COSTA DEL CHUBUT
26014030;CUSHAMEN CENTRO
26014040;EL HOYO
26014050;EL MAITÉN
26014060;EPUYÉN
26014065;FOFO CAHUEL
26014070;GUALJAINA
26014080;LAGO EPUYÉN
26014090;LAGO PUELO
26014100;LELEQUE
26021000;ZONA RURAL
26021010;ASTRA
26021020;BAHÍA BUSTAMANTE
26021030;COMODORO RIVADAVIA
26021040;DIADEMA ARGENTINA
26021050;RADA TILLY
26028000;ZONA RURAL
26028010;CAMARONES
26028020;GARAYALDE
26035000;ZONA RURAL
26035010;ALDEA ESCOLAR(LOSRÁPIDOS)
26035020;CORCOVADO
26035030;ESQUEL
26035040;LAGO ROSARIO
26035050;LOS CIPRESES
26035060;TREVELÍN
26035070;VILLA FUTALAUFQUEN
26042000;ZONA RURAL
26042010;DIQUE FLORENTINO AMEGHINO
26042020;DOLAVON
26042030;GAIMAN
26042040;28 DE JULIO
26049000;ZONA RURAL
26049010;BLANCUNTRE
26049020;EL ESCORIAL
26049030;GASTRE
26049040;LAGUNITA SALADA
26049050;YALALAUBAT
26056000;ZONA RURAL
26056010;ALDEA EPULEF
26056020;CARRENLEUFÚ
26056030;COLAN CONHUÉ
26056040;PASO DEL SAPO
26056050;TECKA
26063000;ZONA RURAL
26063010;EL MIRASOL
26063020;LAS PLUMAS
26070000;ZONA RURAL
26070010;CERRO CÓNDOR
26070020;LOS ALTARES
26070030;PASO DE INDIOS
26077000;ZONA RURAL
26077010;PLAYA MAGAGNA
26077020;PLAYA UNIÓN
26077030;RAWSON
26077040;TRELEW
26084000;ZONA RURAL
26084010;ALDEA APELEG
26084020;ALDEA BELEIRO
26084030;ALTO RÍO SENGUER
26084040;DOCTOR RICARDO ROJAS
26084050;FACUNDO
26084060;LAGO BLANCO
26084070;RÍO MAYO
26091000;ZONA RURAL
26091010;BUEN PASTO
26091020;SARMIENTO
26098000;ZONA RURAL
26098010;DOCTOR OSCAR ATILIO VIGLIONE(FRONTERAD
26098020;GOBERNADOR COSTA
26098030;JOSÉ DE SAN MARTÍN
26098040;RÍO PICO
26105000;ZONA RURAL
26105010;GANGAN
26105020;TELSEN
30008000;ZONA RURAL
30008010;ARROYO BARÚ
30008020;COLÓN
30008030;COLONIA HUGUES
30008040;HAMBIS
30008050;HOCKER
30008060;LA CLARITA
30008070;PUEBLO CAZES
30008080;Pueblo Liebigs
30008090;SAN JOSÉ
30008100;UBAJAY
30008110;VILLA  ELISA
30015000;ZONA RURAL
30015010;CALABACILLA
30015020;CLODOMIRO LEDESMA
30015030;COLONIA AYUÍ
30015040;COLONIA GENERAL ROCA
30015060;CONCORDIA
30015080;ESTACIÓN YERUÁ
30015083;ESTACIÓN YUQUERÍ
30015087;ESTANCIA GRANDE
30015090;LA CRIOLLA
30015100;LOS CHARRÚAS
30015110;NUEVA ESCOCIA
30015120;OSVALDO MAGNASCO
30015130;PEDERNAL
30015140;PUERTO YERUÁ
30021000;ZONA RURAL
30021010;ALDEA BRASILERA
30021015;ALDEA GRAPSCHENTAL
30021020;ALDEA PROTESTANTE
30021030;ALDEA SALTO
30021040;ALDEA SAN FRANCISCO
30021050;ALDEA SPATZENKUTTER
30021060;ALDEA VALLE MARÍA
30021070;COLONIA ENSAYO
30021080;DIAMANTE
30021090;ESTACIÓN CAMPS
30021100;GENERAL ALVEAR
30021110;GENERAL RACEDO (EL CARMEN)
30021120;GENERAL RAMÍREZ
30021123;LA JUANITA
30021127;LAS JAULAS
30021130;PARAJE LA VIRGEN
30021140;PUERTO LAS CUEVAS
30021150;VILLA LIBERTADOR SAN MARTÍN
30028000;ZONA RURAL
30028010;CHAJARÍ
30028020;COLONIA ALEMANA
30028040;COLONIA LA ARGENTINA
30028050;COLONIA PEÑA
30028070;FEDERACIÓN
30028080;LOS CONQUISTADORES
30028090;SAN JAIME DE LA FRONTERA
30028100;SAN PEDRO
30028105;SAN RAMÓN
30028110;SANTA ANA
30028120;VILLA DEL ROSARIO
30035000;ZONA RURAL
30035010;CONSCRIPTO BERNARDI
30035020;ALDEA SAN ISIDRO (EL CIMARRÓN)
30035030;FEDERAL
30035040;NUEVA VIZCAYA
30035050;SAUCE DE LUNA
30042000;ZONA RURAL
30042010;SAN JOSÉ DE FELICIANO
30042020;SAN VÍCTOR
30049000;ZONA RURAL
30049010;ALDEA ASUNCIÓN
30049020;ESTACIÓN LAZO
30049030;GENERAL GALARZA
30049040;GUALEGUAY
30049050;PUERTO RUIZ
30056000;ZONA RURAL
30056010;ALDEA SAN ANTONIO
30056020;ALDEA SAN JUAN
30056030;ENRIQUE CARBÓ
30056035;ESTACIÓN ESCRIÑA
30056040;FAUSTINO M. PARERA
30056050;GENERAL ALMADA
30056060;GILBERT
30056070;GUALEGUAYCHÚ
30056080;IRAZUSTA
30056090;LARROQUE
30056095;PASTOR BRITOS
30056100;PUEBLO GENERAL BELGRANO
30056110;URDINARRAIN
30063000;ZONA RURAL
30063020;CEIBAS
30063030;IBICUY
30063035;MAZARUCA
30063040;MÉDANOS
30063060;VILLA PARANACITO
30070000;ZONA RURAL
30070005;ALCARAZ
30070010;BOVRIL
30070020;COLONIA AVIGDOR
30070030;EL SOLAR
30070040;LA PAZ
30070050;PIEDRAS BLANCAS
30070070;SAN GUSTAVO
30070080;SANTA ELENA
30070090;SIR LEONARD
30077000;ZONA RURAL
30077010;ARANGUREN
30077020;BETBEDER
30077030;DON CRISTÓBAL
30077040;FEBRÉ
30077050;HERNÁNDEZ
30077060;LUCAS GONZÁLEZ
30077070;NOGOYÁ
30077080;XX DE SETIEMBRE
30084000;ZONA RURAL
30084010;ALDEA MARÍA LUISA
30084015;ALDEA SAN JUAN
30084020;ALDEA SAN RAFAEL
30084030;ALDEA SANTA MARÍA
30084040;ALDEA SANTA ROSA
30084050;CERRITO
30084060;COLONIA AVELLANEDA
30084065;COLONIA CRESPO
30084070;CRESPO
30084080;EL PALENQUE
30084090;EL PINGO
30084095;EL RAMBLÓN
30084100;HASENKAMP
30084110;HERNANDARIAS
30084120;LA PICADA
30084130;LAS TUNAS
30084140;MARÍA GRANDE
30084150;ORO VERDE
30084160;PARANÁ
30084170;PUEBLO BELLOCQ (LAS GARZAS)
30084180;PUEBLO BRUGO
30084190;PUEBLO GENERAL SAN MARTÍN
30084200;SAN BENITO
30084210;SAUCE MONTRULL
30084220;SAUCE PINTO
30084230;SEGUÍ
30084240;SOSA
30084250;TABOSSI
30084260;TEZANOS PINTO
30084270;VIALE
30084280;VILLA FONTANA
30084290;VILLA GDOR. LUIS F. ETCHEVEHERE
30084300;VILLA URQUIZA
30088000;ZONA RURAL
30088010;GENERAL CAMPOS
30088020;SAN SALVADOR
30091000;ZONA RURAL
30091010;ALTAMIRANO SUR
30091020;DURAZNO
30091030;ESTACIÓN ARROYO CLÉ
30091040;GOBERNADOR ECHAGÜE
30091050;GOBERNADOR MANSILLA
30091060;GOBERNADOR SOLÁ
30091070;GUARDAMONTE
30091080;LAS GUACHAS
30091090;MACIÁ
30091100;ROSARIO DEL TALA
30098000;ZONA RURAL
30098010;BASAVILBASO
30098020;CASEROS
30098030;COLONIA ELÍA
30098040;CONCEPCIÓN DEL URUGUAY
30098060;HERRERA
30098070;LAS MOSCAS
30098080;LÍBAROS
30098090;1º DE MAYO
30098100;PRONUNCIAMIENTO
30098110;ROCAMORA
30098120;SANTA ANITA
30098130;VILLA MANTERO
30098140;VILLA SAN JUSTO
30098150;VILLA SAN MARCIAL
30105000;ZONA RURAL
30105010;ANTELO
30105040;MOLINO DOLL
30105060;VICTORIA
30113000;ZONA RURAL
30113010;ESTACIÓN RAÍCES
30113020;INGENIERO MIGUEL SAJAROFF
30113030;JUBILEO
30113050;PASO DE LA LAGUNA
30113060;VILLA CLARA
30113070;VILLA DOMÍNGUEZ
30113080;VILLAGUAY
34007000;ZONA RURAL
34007003;FORTÍN SOLEDAD
34007005;GUADALCAZAR
34007007;LA RINCONADA
34007010;LAGUNA YEMA
34007015;LAMADRID
34007020;LOS CHIRIGUANOS
34007030;POZO DE MAZA
34007040;POZO DEL MORTERO
34007050;VACA PERDIDA
34014000;ZONA RURAL
34014010;COLONIA PASTORIL
34014020;FORMOSA
34014030;GRAN GUARDIA
34014040;MARIANO BOEDO
34014050;MOJON FIERRO
34014060;SAN HILARIO
34014070;VILLA DEL CARMEN
34021000;ZONA RURAL
34021010;BANCO PAYAGUÁ
34021020;GENERAL LUCIO V. MANSILLA
34021030;HERRADURA
34021040;SAN FRANCISCO DE LAISHI
34021050;TATANÉ
34021060;VILLA ESCOLAR
34028000;ZONA RURAL
34028010;INGENIERO GUILLERMO N. JU
34035000;ZONA RURAL
34035010;BARTOLOMÉ DE LAS CASAS
34035020;COLONIA SARMIENTO
34035030;COMANDANTE FONTANA
34035040;EL RECREO
34035050;ESTANISLAO DEL CAMPO
34035060;FORTÍN CABO 1º LUGONES
34035070;FORTÍN SARGENTO 1º LEYES
34035080;IBARRETA
34035090;JUAN G. BAZÁN
34035100;LAS LOMITAS
34035110;POSTA CAMBIO ZALAZAR
34035120;POZO DEL TIGRE
34035130;SAN MARTÍN I
34035140;SAN MARTÍN II
34035150;SUBTENIENTE PERÍN
34035160;VILLA GENERAL GüEMES
34035170;VILLA GENERAL MANUEL BELG
34042000;ZONA RURAL
34042010;BUENA VISTA
34042020;EL ESPINILLO
34042030;LAGUNA GALLO
34042040;MISIÓN TACAAGLÉ
34042050;PORTÓN NEGRO
34042060;TRES LAGUNAS
34049000;ZONA RURAL
34049010;CLORINDA
34049020;LAGUNA BLANCA
34049030;LAGUNA NAICK-NECK
34049040;PALMA SOLA
34049050;PUERTO PILCOMAYO
34049060;RIACHO HE-HE
34049070;RIACHO NEGRO
34049080;SIETE PALMAS
34056000;ZONA RURAL
34056010;COLONIA CAMPO VILLAFAÑE
34056020;EL COLORADO
34056030;PALO SANTO
34056040;PIRANÉ
34056050;VILLA KILÓMETRO 213
34063000;ZONA RURAL
34063010;EL POTRILLO
34063020;GENERAL MOSCONI
34063030;EL QUEBRACHO
38007000;ZONA RURAL
38007010;ABDÓN CASTRO TOLAY
38007020;ABRA PAMPA
38007030;ABRALAITE
38007035;AGUA DE CASTILLA
38007040;CASABINDO
38007050;COCHINOCA
38007055;LA REDONDA
38007060;PUESTO DEL MARQUEZ
38007063;QUEBRALEÑA
38007067;QUERA
38007070;RINCONADILLAS
38007080;SAN FRANCISCO DE ALFARCITO
38007085;SANTA ANA DE LA PUNA
38007090;SANTUARIO DE TRES POZOS
38007095;TAMBILLOS
38007100;TUSAQUILLAS
38014000;ZONA RURAL
38014010;AGUAS CALIENTES
38014020;BARRIO EL MILAGRO
38014030;BARRIO LA UNION
38014040;EL CARMEN
38014050;LOS LAPACHOS
38014055;LOTEO SAN VICENTE
38014060;MANANTIALES
38014070;MONTERRICO
38014080;PAMPA BLANCA
38014090;PERICO
38014100;PUESTO VIEJO
38014110;SAN ISIDRO
38014120;SAN JUANCITO
38021000;ZONA RURAL
38021010;GUERRERO
38021020;LA ALMONA
38021030;LEÓN
38021040;LOZANO
38021050;OCLOYAS
38021060;SAN SALVADOR DE JUJUY
38021065;TESORERO
38021070;YALA
38028000;ZONA RURAL
38028003;APARZO
38028007;CIANZO
38028010;COCTACA
38028020;EL AGUILAR
38028030;HIPOLITO YRIGOYEN
38028040;HUMAHUACA
38028043;PALCA DE APARZO
38028045;PALCA DE VARAS
38028047;RODERO
38028050;TRES CRUCES
38028060;UQUIA
38035000;ZONA RURAL
38035010;BANANAL
38035020;BERMEJITO
38035030;CAIMANCITO
38035040;CALILEGUA
38035050;CHALICÁN
38035060;FRAILE PINTADO
38035070;LIBERTAD
38035080;LIBERTADOR GENERAL SAN MARTÍN
38035090;MAÍZ NEGRO
38035100;PAULINA
38035110;YUTO
38042000;ZONA RURAL
38042010;CARAHUNCO
38042020;CENTRO FORESTAL
38042040;PALPALÁ
38049000;ZONA RURAL
38049003;CASA COLORADA
38049007;COYAGUAIMA
38049010;LAGUNILLAS DE FARALLÓN
38049020;LIVIARA
38049025;LOMA BLANCA
38049030;NUEVO PIRQUITAS
38049035;OROSMAYO
38049040;RINCONADA
38056000;ZONA RURAL
38056010;EL CEIBAL
38056017;LOS ALISOS
38056020;LOTEO NAVEA
38056025;NUESTRA SEÑORA DEL ROSARIO
38056030;SAN ANTONIO
38063000;ZONA RURAL
38063010;ARRAYANAL
38063020;ARROYO COLORADO
38063030;DON EMILIO
38063040;EL ACHERAL
38063050;EL PUESTO
38063060;EL QUEMADO
38063070;LA ESPERANZA
38063080;LA MANGA
38063090;LA MENDIETA
38063100;MIRAFLORES
38063110;PALOS BLANCOS
38063120;PARAPETÍ
38063130;PIEDRITAS
38063140;RODEITO
38063150;ROSARIO DE RÍO GRANDE (EX BARRO N
38063160;SAN ANTONIO
38063170;SAN LUCAS
38063180;SAN PEDRO
38063190;SAUZAL
38070000;ZONA RURAL
38070010;EL FUERTE
38070020;EL PIQUETE
38070030;EL TALAR
38070040;PALMA SOLA
38070050;PUENTE LAVAYÉN
38070060;SANTA CLARA
38070070;VINALITO
38077000;ZONA RURAL
38077010;CASIRA
38077020;CIÉNEGA DE PAICONE
38077030;CIENEGUILLAS
38077040;CUSI CUSI
38077045;EL ANGOSTO
38077050;LA CIÉNEGA
38077060;MISARRUMI
38077070;ORATORIO
38077080;PAICONE
38077090;SAN JUAN DE OROS
38077100;SANTA CATALINA
38077110;YOSCABA
38084000;ZONA RURAL
38084010;CATUA
38084020;CORANZULI
38084030;EL TORO
38084040;HUÁNCAR
38084045;JAMA
38084050;MINA PROVIDENCIA
38084055;OLACAPATO
38084060;OLAROZ CHICO
38084070;PASTOS CHICOS
38084080;PUESTO SEY
38084090;SAN JUAN DE QUILLAQUES
38084100;SUSQUES
38094000;ZONA RURAL
38094010;COLONIA SAN JOSÉ
38094020;HUACALERA
38094030;JUELLA
38094040;MAIMARÁ
38094050;TILCARA
38098000;ZONA RURAL
38098010;BÁRCENA
38098020;EL MORENO
38098025;PUERTA DE COLORADOS
38098030;PURMAMARCA
38098040;TUMBAYA
38098050;VOLCÁN
38105000;ZONA RURAL
38105010;CASPALÁ
38105020;PAMPICHUELA
38105030;SAN FRANCISCO
38105040;SANTA ANA
38105050;VALLE COLORADO
38105060;VALLE GRANDE
38112000;ZONA RURAL
38112010;BARRIOS
38112020;CANGREJILLOS
38112030;EL CÓNDOR
38112040;LA INTERMEDIA
38112050;LA QUIACA
38112060;LLULLUCHAYOC
38112070;PUMAHUASI
38112080;YAVI
38112090;YAVI CHICO
42007000;ZONA RURAL
42007010;DOBLAS
42007020;MACACHÍN
42007030;MIGUEL RIGLOS
42007040;ROLÓN
42007050;TOMÁS M. ANCHORENA
42014000;ZONA RURAL
42014010;ANZOÁTEGUI
42014020;LA ADELA
42021000;ZONA RURAL
42021010;ANGUIL
42021020;SANTA ROSA
42028000;ZONA RURAL
42028010;CATRILÓ
42028020;LA GLORIA
42028030;LONQUIMAY
42028040;URIBURU
42035000;ZONA RURAL
42035010;CONHELO
42035020;EDUARDO CASTEX
42035030;MAURICIO MAYER
42035040;MONTE NIEVAS
42035050;RUCANELO
42035060;WINIFREDA
42042000;ZONA RURAL
42042010;GOBERNADOR DUVAL
42042020;PUELCHES
42049000;ZONA RURAL
42049010;SANTA ISABEL
42056000;ZONA RURAL
42056010;BERNARDO LARROUDE
42056020;CEBALLOS
42056030;CORONEL HILARIO LAGOS
42056040;INTENDENTE ALVEAR
42056050;SARAH
42056060;VÉRTIZ
42063000;ZONA RURAL
42063010;ALGARROBO DEL ÁGUILA
42063020;LA HUMADA
42070000;ZONA RURAL
42070010;ALPACHIRI
42070020;GENERAL MANUEL J. CAMP
42070030;GUATRACHÉ
42070040;PERÚ
42070050;SANTA TERESA
42077000;ZONA RURAL
42077010;ABRAMO
42077020;BERNASCONI
42077030;GENERAL SAN MARTÍN
42077040;HUCAL
42077050;JACINTO ARÁUZ
42084000;ZONA RURAL
42084010;CUCHILLO CÓ
42091000;ZONA RURAL
42091010;LA REFORMA
42091020;LIMAY MAHUIDA
42098000;ZONA RURAL
42098010;CARRO QUEMADO
42098020;LOVENTUÉ
42098030;LUAN TORO
42098040;TELÉN
42098050;VICTORICA
42105000;ZONA RURAL
42105010;AGUSTONI
42105020;DORILA
42105030;GENERAL PICO
42105040;SPELUZZI
42105050;TREBOLARES
42112000;ZONA RURAL
42112005;CASA DE PIEDRA
42112010;PUELÉN
42112020;25 DE MAYO
42119000;ZONA RURAL
42119010;COLONIA BARÓN
42119020;COLONIA SAN JOSÉ
42119030;MIGUEL CANÉ
42119040;QUEMÚ QUEMÚ
42119050;RELMO
42119060;VILLA MIRASOL
42126000;ZONA RURAL
42126010;CALEUFÚ
42126020;INGENIERO FOSTER
42126030;LA MARUJA
42126040;PARERA
42126050;PICHI HUINCA
42126060;QUETREQUÉN
42126070;RANCUL
42133000;ZONA RURAL
42133010;ADOLFO VAN PRAET
42133020;ALTA ITALIA
42133030;DAMIÁN MAISONAVE
42133040;EMBAJADOR MARTINI
42133050;FALUCHO
42133060;INGENIERO LUIGGI
42133070;OJEDA
42133080;REALICÓ
42140000;ZONA RURAL
42140005;CACHIRULO
42140010;NAICÓ
42140020;TOAY
42147000;ZONA RURAL
42147010;ARATA
42147020;METILEO
42147030;TRENEL
42154000;ZONA RURAL
42154010;ATALIVA ROCA
42154020;CHACHARRAMENDI
42154030;COLONIA SANTA MARÍA
42154040;GENERAL ACHA
42154050;QUEHUÉ
42154060;UNANUÉ
46007000;ZONA RURAL
46007010;AIMOGASTA
46007020;ARAUCO
46007030;BAÑADO DE LOS PANTANOS
46007040;ESTACIÓN MAZÁN
46007045;TERMAS SANTA TERESITA
46007050;VILLA MAZÁN
46014000;ZONA RURAL
46014010;LA RIOJA
46021000;ZONA RURAL (VACIO)
46021010;AMINGA
46021020;ANILLACO
46021030;ANJULLÓN
46021040;CHUQUIS
46021050;LOS MOLINOS
46021060;PINCHAS
46021070;SAN PEDRO
46021080;SANTA VERA CRUZ
46028000;ZONA RURAL
46028010;AICUÑA
46028020;GUANDACOL
46028030;LOS PALACIOS
46028040;PAGANCILLO
46028050;VILLA UNIÓN
46035000;ZONA RURAL
46035010;CHAMICAL
46035020;POLCO
46042000;ZONA RURAL (VACIO)
46042010;CHILECITO
46042020;COLONIA ANGUINÁN
46042030;COLONIA CATINZACO
46042040;COLONIA MALLIGASTA
46042050;COLONIA VICHIGASTA
46042060;GUANCHÍN
46042070;MALLIGASTA
46042080;MIRANDA
46042090;NONOGASTA
46042100;SAN NICOLÁS
46042110;SANTA FLORENTINA
46042120;SAÑOGASTA
46042130;TILIMUQUI
46042140;VICHIGASTA
46049000;ZONA RURAL
46049010;ALTO CARRIZAL
46049020;ANGULOS
46049030;ANTINACO
46049040;BAJO CARRIZAL
46049050;CAMPANAS
46049060;CHAÑARMUYO
46049070;FAMATINA
46049080;LA CUADRA
46049090;PITUIL
46049100;PLAZA VIEJA
46049110;SANTA CRUZ
46049120;SANTO DOMINGO
46056000;ZONA RURAL
46056010;PUNTA DE LOS LLANOS
46056020;TAMA
46063000;ZONA RURAL
46063010;CASTRO BARROS
46063020;CHAÑAR
46063030;LOMA BLANCA
46063040;OLTA
46070000;ZONA RURAL
46070010;MALANZÁN
46070020;NACATE
46070030;PORTEZUELO
46070040;SAN ANTONIO
46077000;ZONA RURAL
46077010;VILLA CASTELLI
46084000;ZONA RURAL
46084010;AMBIL
46084020;COLONIA ORTIZ DE OCAMP
46084030;MILAGRO
46084040;OLPAS
46084050;SANTA RITA DE CATUNA
46091000;ZONA RURAL
46091010;ULAPES
46098000;ZONA RURAL
46098010;JAGüÉ
46098020;VILLA SAN JOSÉ DE VINC
46105000;ZONA RURAL
46105010;AMANÁ
46105020;PATQUÍA
46112000;ZONA RURAL
46112010;CHEPES
46112020;DESIDERIO TELLO
46119000;ZONA RURAL
46119010;SALICAS - SAN BLAS
46126000;ZONA RURAL
46126010;VILLA SANAGASTA
50007000;ZONA RURAL
50007010;MENDOZA
50014000;ZONA RURAL
50014010;BOWEN
50014020;CARMENSA
50014030;GENERAL ALVEAR
50014040;LOS COMPARTOS
50021000;ZONA RURAL
50021010;GODOY CRUZ
50028000;ZONA RURAL
50028010;COLONIA SEGOVIA
50028020;GUAYMALLÉN
50028030;LA PRIMAVERA
50028040;LOS CORRALITOS
50028050;PUENTE DE HIERRO
50035000;ZONA RURAL
50035010;INGENIERO GIAGNONI
50035020;JUNÍN
50035030;LA COLONIA
50035040;LOS BARRIALES
50035050;MEDRANO
50035060;PHILLIPS
50035070;RODRÍGUEZ PEÑA
50042000;ZONA RURAL
50042010;DESAGUADERO
50042020;LA PAZ
50042030;VILLA ANTIGUA
50049000;ZONA RURAL
50049010;BLANCO ENCALADA
50049030;JOCOLÍ
50049040;LAS CUEVAS
50049050;LAS HERAS
50049060;LOS PENITENTES
50049080;POLVAREDAS
50049090;PUENTE DEL INCA
50049100;PUNTA DE VACAS
50049110;USPALLATA
50056000;ZONA RURAL
50056010;BARRIO ALTO DEL OLVIDO
50056020;BARRIO JOCOLÍ II
50056030;BARRIO LA PALMERA
50056040;BARRIO LA PEGA
50056050;BARRIO LAGUNAS DE BARTOLUZZI
50056060;BARRIO LOS JARILLEROS
50056070;BARRIO LOS OLIVOS
50056075;BARRIO VIRGEN DEL ROSARIO
50056080;COSTA DE ARAUJO
50056090;EL PARAMILLO
50056100;EL VERGEL
50056110;INGENIERO GUSTAVO ANDRÉ
50056120;JOCOLÍ
50056130;JOCOLÍ VIEJO
50056140;LAS VIOLETAS
50056150;3 DE MAYO
50056160;VILLA TULUMAYA
50063000;ZONA RURAL
50063010;AGRELO
50063020;BARRIO PERDRIEL IV
50063030;CACHEUTA
50063040;COSTA FLORES
50063050;EL CARRIZAL
50063060;EL SALTO
50063070;LAS COMPUERTAS
50063080;LAS VEGAS
50063090;LUJÁN DE CUYO
50063100;PERDRIEL
50063110;POTRERILLOS
50063120;UGARTECHE
50070000;ZONA RURAL
50070010;BARRANCAS
50070020;BARRIO JESÚS DE NAZARET
50070030;CRUZ DE PIEDRA
50070040;EL PEDREGAL
50070050;FRAY LUIS BELTRÁN
50070060;MAIPÚ
50070070;RODEO DEL MEDIO
50070080;RUSSELL
50070090;SAN ROQUE
50070100;VILLA TERESA
50077000;ZONA RURAL
50077010;AGUA ESCONDIDA
50077030;LAS LEÑAS
50077040;MALARGüE
50084000;ZONA RURAL
50084010;ANDRADE
50084020;BARRIO COOPERATIVA LOS CAMPAMENT
50084030;BARRIO RIVADAVIA
50084040;EL MIRADOR
50084050;LA CENTRAL
50084060;LA ESPERANZA
50084070;LA FLORIDA
50084080;LA LIBERTAD
50084090;LOS ÁRBOLES
50084100;LOS CAMPAMENTOS
50084110;MEDRANO
50084120;MUNDO NUEVO
50084130;REDUCCIÓN DE ABAJO
50084140;RIVADAVIA
50084150;SANTA MARÍA DE ORO
50091000;ZONA RURAL
50091005;BARRIO CARRASCO
50091010;BARRIO EL CEPILLO
50091020;CHILECITO
50091030;EUGENIO BUSTOS
50091040;LA CONSULTA
50091050;PAREDITAS
50091060;SAN CARLOS
50098000;ZONA RURAL
50098020;ALTO VERDE
50098030;BARRIO CHIVILCOY
50098040;BARRIO EMANUEL
50098045;BARRIO LA ESTACIÓN
50098050;BARRIO LOS CHARABONES
50098055;BARRIO NUESTRA SEÑORA DE FÁTIMA
50098060;CHAPANAY
50098070;CHIVILCOY
50098073;EL ESPINO
50098077;EL RAMBLÓN
50098080;MONTECASEROS
50098090;NUEVA CALIFORNIA
50098100;SAN MARTÍN
50098110;TRES PORTEÑAS
50105000;ZONA RURAL
50105010;BARRIO CAMPOS EL TOLEDANO
50105020;BARRIO EL NEVADO
50105030;BARRIO EMPLEADOS DE COMERCIO
50105040;BARRIO INTENDENCIA
50105050;CAPITÁN MONTOYA
50105060;CUADRO BENEGAS
50105070;EL NIHUIL
50105080;EL SOSNEADO
50105090;EL TROPEZÓN
50105100;GOUDGE
50105110;JAIME PRATS
50105120;LA LLAVE NUEVA
50105130;LAS MALVINAS
50105140;LOS REYUNOS
50105150;MONTE COMÁN
50105160;POBRE DIABLO
50105170;PUNTA DEL AGUA
50105180;RAMA CAÍDA
50105190;REAL DEL PADRE
50105200;SALTO DE LAS ROSAS
50105210;SAN RAFAEL
50105220;25 DE MAYO
50105230;VILLA ATUEL
50105240;VILLA ATUEL NORTE
50112000;ZONA RURAL
50112010;BARRIO 12 DE OCTUBRE
50112020;BARRIO MARÍA AUXILIADORA
50112030;BARRIO MOLINA CABRERA
50112040;LA DORMIDA
50112050;LAS CATITAS
50112060;SANTA ROSA
50119000;ZONA RURAL
50119010;BARRIO SAN CAYETANO
50119020;CAMPO LOS ANDES
50119030;COLONIA LAS ROSAS
50119040;EL MANZANO
50119050;LOS SAUCES
50119060;TUNUYÁN
50119070;VISTA FLORES
50126000;ZONA RURAL
50126010;BARRIO BELGRANO NORTE
50126020;CORDÓN DEL PLATA
50126030;EL PERAL
50126035;EL ZAMPAL
50126040;LA ARBOLEDA
50126050;SAN JOSÉ
50126060;TUPUNGATO
54007000;ZONA RURAL
54007010;APÓSTOLES
54007020;AZARA
54007025;BARRIO RURAL
54007030;ESTACIÓN APÓSTOLES
54007040;PINDAPOY
54007050;RINCÓN DE AZARA
54007060;SAN JOSÉ
54007070;TRES CAPONES
54014000;ZONA RURAL
54014010;ARISTÓBULO DEL VALLE
54014020;CAMPO GRANDE
54014030;DOS DE MAYO
54014050;DOS DE MAYO NÚCLEO III (Bº BERNARDINO RI
54014055;KILÓMETRO 17
54014060;1º DE MAYO
54014070;PUEBLO ILLIA
54014080;SALTO ENCANTADO
54021000;ZONA RURAL
54021005;BARRIO DEL LAGO
54021010;BONPLAND
54021020;CANDELARIA
54021030;CERRO CORÁ
54021040;LORETO
54021050;MÁRTIRES
54021060;PROFUNDIDAD
54021070;PUERTO SANTA ANA
54021080;SANTA ANA
54028000;ZONA RURAL
54028005;BARRIO NUEVO GARUPA
54028010;GARUPÁ
54028020;NEMESIO PARMA
54028030;POSADAS
54028040;POSADAS (EXPANSIÓN)
54035000;ZONA RURAL
54035010;BARRA CONCEPCIÓN
54035020;CONCEPCIÓN DE LA SIERRA
54035030;LA CORITA
54035040;SANTA MARÍA
54042000;ZONA RURAL
54042010;COLONIA VICTORIA
54042020;ELDORADO
54042030;MARÍA MAGDALENA
54042035;NUEVA DELICIA
54042040;9 DE JULIO KILÓMETRO 28
54042050;9 DE JULIO KILÓMETRO 20
54042055;PUEBLO NUEVO
54042060;PUERTO MADO
54042070;PUERTO PINARES
54042080;SANTIAGO DE LINIERS
54042090;VALLE HERMOSO
54042100;VILLA ROULET
54049000;ZONA RURAL
54049010;COMANDANTE ANDRESITO
54049020;BERNARDO DE IRIGOYEN
54049025;CABUREI
54049030;DOS HERMANAS
54049040;INTEGRACIÓN
54049043;PIÑALITO NORTE
54049045;PUERTO ANDRESITO
54049047;PUERTO DESEADO
54049050;SAN ANTONIO
54056000;ZONA RURAL
54056010;EL SOBERBIO
54056020;FRACRÁN
54056030;SAN VICENTE
54063000;ZONA RURAL
54063010;PUERTO ESPERANZA
54063020;PUERTO LIBERTAD
54063030;PUERTO IGUAZÚ
54063035;VILLA COOPERATIVA
54063040;COLONIA WANDA
54070000;ZONA RURAL
54070010;ALMAFUERTE
54070020;ARROYO DEL MEDIO
54070030;CAÁ - YARÍ
54070040;CERRO AZUL
54070050;DOS ARROYOS
54070060;GOBERNADOR LÓPEZ
54070070;LEANDRO N. ALEM
54070080;OLEGARIO V. ANDRADE
54070090;VILLA LIBERTAD
54077000;ZONA RURAL
54077010;CAPIOVÍ
54077015;CAPIOVICIÑO
54077020;EL ALCÁZAR
54077030;GARUHAPÉ
54077040;MBOPICUÁ
54077050;PUERTO LEONI
54077060;PUERTO RICO
54077070;RUIZ DE MONTOYA
54077080;SAN ALBERTO
54077090;SAN GOTARDO
54077100;SAN MIGUEL
54077110;VILLA AKERMAN
54077120;VILLA URRUTIA
54084000;ZONA RURAL
54084003;BARRIO CUATRO BOCAS
54084005;BARRIO GUATAMBÚ
54084007;BARRIO ITÁ
54084010;CARAGUATAY
54084020;LAHARRAGUE
54084030;MONTECARLO
54084040;PIRAY KILÓMETRO 18
54084050;PUERTO PIRAY
54084060;TARUMÁ
54084070;VILLA PARODI
54091000;ZONA RURAL
54091010;COLONIA ALBERDI
54091013;BARRIO ESCUELA 461
54091017;BARRIO ESCUELA 633
54091020;CAMPO RAMÓN
54091030;CAMPO VIERA
54091040;EL SALTO
54091050;GENERAL ALVEAR
54091060;GUARANÍ
54091070;LOS HELECHOS
54091080;OBERÁ
54091090;PANAMBÍ
54091100;PANAMBÍ KILÓMETRO 8
54091105;PANAMBÍ KILÓMETRO 15
54091110;SAN MARTÍN
54091120;VILLA BONITA
54098000;ZONA RURAL
54098005;BARRIO TUNGOIL
54098010;COLONIA POLANA
54098020;CORPUS
54098030;DOMINGO SAVIO
54098040;GENERAL URQUIZA
54098050;GOBERNADOR ROCA
54098060;HELVECIA
54098070;HIPÓLITO YRIGOYEN
54098080;JARDÍN AMÉRICA
54098090;OASIS
54098100;ROCA CHICA
54098110;SAN IGNACIO
54098120;SANTO PIPÓ
54105000;ZONA RURAL
54105010;FLORENTINO AMEGHINO
54105020;ITACARUARÉ
54105030;MOJÓN GRANDE
54105040;SAN JAVIER
54112000;ZONA RURAL
54112010;CRUCE CABALLERO
54112020;PARAÍSO
54112030;PIÑALITO SUR
54112040;SAN PEDRO
54112050;TOBUNA
54119000;ZONA RURAL
54119010;ALBA POSSE
54119020;ALICIA ALTA
54119025;ALICIA BAJA
54119030;COLONIA AURORA
54119040;SAN FRANCISCO DE ASÍS
54119050;SANTA RITA
54119060;25 DE MAYO
58007000;ZONA RURAL
58007010;ALUMINÉ
58007015;MOQUEHUE
58007020;VILLA PEHUENIA
58014000;ZONA RURAL
58014005;AGUADA SAN ROQUE
58014010;AÑELO
58014020;SAN PATRICIO DEL CHAÑA
58021000;ZONA RURAL
58021010;LAS COLORADAS
58028000;ZONA RURAL
58028010;PIEDRA DEL ÁGUILA
58028020;SANTO TOMÁS
58035000;ZONA RURAL
58035010;ARROYITO
58035020;BARRIO RUCA LUHE
58035030;CENTENARIO
58035040;CUTRAL CÓ
58035050;EL CHOCON
58035060;MARI MENUCO
58035070;NEUQUÉN
58035080;11 DE OCTUBRE
58035090;PLAZA HUINCUL
58035100;PLOTTIER
58035110;SENILLOSA
58035120;VILLA EL CHOCÓN
58035130;VISTA ALEGRE NORTE
58035140;VISTA ALEGRE SUR
58042000;ZONA RURAL
58042010;CHOS MALAL
58042020;TRICAO MALAL
58042030;VILLA DEL CURI LEUVÚ
58049000;ZONA RURAL
58049010;JUNÍN DE LOS ANDES
58056000;ZONA RURAL
58056010;SAN MARTÍN DE LOS ANDE
58056020;VILLA LAGO MELIQUINA
58063000;ZONA RURAL
58063010;CHORRIACA
58063020;LONCOPUÉ
58070000;ZONA RURAL
58070010;VILLA LA ANGOSTURA
58070020;VILLA TRAFUL
58077000;ZONA RURAL
58077010;ANDACOLLO
58077020;HUINGANCO
58077030;LAS OVEJAS
58077040;LOS MICHES
58077050;MANZANO AMARGO
58077060;VARVARCO
58077070;VILLA DEL NAHUEVE
58084000;ZONA RURAL
58084010;CAVIAHUE
58084020;COPAHUE
58084030;EL CHOLAR
58084040;EL HUECÚ
58084050;TAQUIMILÁN
58091000;ZONA RURAL
58091010;BARRANCAS
58091020;BUTA RANQUIL
58091030;OCTAVIO PICO
58091040;RINCÓN DE LOS SAUCES
58098000;ZONA RURAL
58098005;EL SAUCE
58098010;PASO AGUERRE
58098020;PICÚN LEUFÚ
58105000;ZONA RURAL
58105010;BAJADA DEL AGRIO
58105020;LA BUITRERA
58105030;LAS LAJAS
58105040;QUILI MALAL
58112000;ZONA RURAL
58112010;LOS CATUTOS
58112020;MARIANO MORENO
58112030;RAMÓN M. CASTRO
58112040;ZAPALA
62007000;ZONA RURAL
62007010;BAHÍA CREEK
62007020;EL CÓNDOR
62007030;EL JUNCAL
62007040;GUARDIA MITRE
62007050;LA LOBERÍA
62007060;LOTEO COSTA DE RÍO
62007070;POZO SALADO
62007080;SAN JAVIER
62007090;VIEDMA
62014000;ZONA RURAL
62014010;BARRIO UNIÓN
62014020;CHELFORÓ
62014030;CHIMPAY
62014040;CHOELE CHOEL
62014050;CORONEL BELISLE
62014060;DARWIN
62014070;LAMARQUE
62014080;LUIS BELTRÁN
62014090;POMONA
62021000;ZONA RURAL
62021005;ARELAUQUEN
62021010;BARRIO EL PILAR
62021020;COLONIA SUIZA
62021030;EL BOLSÓN
62021040;EL FOYEL
62021047;MALLIN AHOGADO
62021050;RÍO VILLEGAS
62021060;SAN CARLOS DE BARILOCHE
62021080;VILLA CATEDRAL
62021100;VILLA LOS COIHUES
62021110;VILLA MASCARDI
62028000;ZONA RURAL
62028010;BARRIO COLONIA CONESA
62028020;GENERAL CONESA
62028030;BARRIO PLANTA COMPRESORA DE G
62035000;ZONA RURAL
62035010;AGUADA GUZMÁN
62035020;CERRO POLICÍA
62035030;EL CUY
62035040;LAS PERLAS
62035050;MENCUÉ
62035060;NAUPA HUEN
62035070;PASO CÓRDOVA
62035080;VALLE AZUL
62042000;ZONA RURAL
62042010;ALLEN
62042020;PARAJE ARROYÓN (BAJO SAN CAYE
62042030;BARDA DEL MEDIO
62042040;BARRIO BLANCO
62042050;BARRIO CALLE CIEGA Nº 10
62042060;BARRIO CALLE CIEGA Nº 6
62042070;BARRIO CANALE
62042080;BARRIO CHACRA MONTE
62042090;BARRIO COSTA ESTE
62042100;BARRIO COSTA LINDA
62042110;BARRIO COSTA OESTE
62042115;BARRIO DESTACAMENTO
62042120;BARRIO EL LABRADOR
62042130;BARRIO EL MARUCHITO
62042140;BARRIO EL PETRÓLEO
62042143;BARRIO EMERGENTE
62042147;BARRIO FÁTIMA
62042150;BARRIO FRONTERA
62042160;BARRIO GUERRICO
62042170;BARRIO ISLA 10
62042180;BARRIO LA BARDA
62042190;BARRIO LA COSTA
62042200;BARRIO LA COSTA
62042210;BARRIO LA DEFENSA
62042215;BARRIO LA HERRADURA
62042230;BARRIO LA RIBERA - BARRIO APY
62042240;PUENTE CERO
62042245;BARRIO LUISILLO
62042250;BARRIO MAR DEL PLATA
62042260;BARRIO MARÍA ELVIRA
62042265;BARRIO MOÑO AZUL
62042270;BARRIO MOSCONI
62042280;BARRIO NORTE
62042297;BARRIO PINAR
62042310;BARRIO PORVENIR
62042330;BARRIO PUENTE 83
62042335;BARRIO SANTA LUCÍA
62042340;BARRIO SANTA RITA
62042350;BARRIO UNIÓN
62042360;CATRIEL
62042370;CERVANTES
62042380;CHICHINALES
62042390;CINCO SALTOS
62042400;CIPOLLETTI
62042410;CONTRALMIRANTE CORDERO
62042420;FERRI
62042430;GENERAL ENRIQUE GODOY
62042440;GENERAL FERNÁNDEZ ORO
62042450;GENERAL ROCA
62042460;INGENIERO LUIS A. HUERGO
62042470;INGENIERO OTTO KRAUSE
62042480;MAINQUÉ
62042490;PASO CÓRDOVA
62042500;PENÍNSULA RUCA CO
62042520;SARGENTO VIDAL
62042530;VILLA ALBERDI
62042540;VILLA DEL PARQUE
62042550;VILLA MANZANO
62042560;VILLA REGINA
62042570;VILLA SAN ISIDRO
62049000;ZONA RURAL
62049010;COMICÓ
62049020;CONA NIYEU
62049030;MINISTRO RAMOS MEXÍA
62049040;PRAHUANIYEU
62049050;SIERRA COLORADA
62049060;TRENETA
62049070;YAMINUÉ
62056000;ZONA RURAL
62056010;LAS BAYAS
62056020;MAMUEL CHOIQUE
62056030;ÑORQUINCÓ
62056040;OJOS DE AGUA
62056050;RÍO CHICO
62063000;ZONA RURAL
62063005;BARRIO ESPERANZA
62063010;COLONIA JULIÁ Y ECHARREN
62063013;JUVENTUD UNIDA
62063017;PICHI MAHUIDA
62063020;RÍO COLORADO
62063060;SALTO ANDERSEN
62070000;ZONA RURAL
62070005;CAÑADÓN CHILENO
62070010;COMALLO
62070020;DINA HUAPI
62070030;LAGUNA BLANCA
62070040;ÑIRIHUAU
62070060;PILCANIYEU
62070070;PILQUINIYEU DEL LIMAY
62070080;VILLA LLANQUÍN
62077000;ZONA RURAL
62077005;EL EMPALME
62077010;LAS GRUTAS
62077020;PLAYAS DORADAS
62077030;PUERTO SAN ANTONIO ESTE
62077040;PUNTA COLORADA
62077045;SACO VIEJO
62077050;SAN ANTONIO OESTE
62077060;SIERRA GRANDE
62084000;ZONA RURAL
62084010;AGUADA CECILIO
62084020;ARROYO LOS BERROS
62084030;ARROYO VENTANA
62084040;NAHUEL NIYEU
62084050;SIERRA PAILEMAN
62084060;VALCHETA
62091000;ZONA RURAL
62091010;AGUADA DE GUERRA
62091020;CLEMENTE ONELLI
62091030;COLÁN CONHUÉ
62091040;EL CAÍN
62091050;INGENIERO JACOBACCI
62091060;LOS MENUCOS
62091070;MAQUINCHAO
62091080;MINA SANTA TERESITA
62091090;PILQUINIYEU
66007000;ZONA RURAL
66007010;APOLINARIO SARAVIA
66007020;CEIBALITO
66007030;CENTRO 25 DE JUNIO
66007040;CORONEL MOLLINEDO
66007050;CORONEL OLLEROS
66007060;EL QUEBRACHAL
66007070;GAONA
66007080;GENERAL PIZARRO
66007090;JOAQUÍN V. GONZÁLEZ
66007100;LAS LAJITAS
66007110;LUIS BURELA
66007120;MACAPILLO
66007130;NUESTRA SEÑORA DE TALAVERA
66007140;PIQUETE CABADO
66007150;RÍO DEL VALLE
66007160;TOLLOCHE
66014000;ZONA RURAL
66014010;CACHI
66014020;PAYOGASTA
66021000;ZONA RURAL
66021010;CAFAYATE
66021020;TOLOMBÓN
66028000;ZONA RURAL
66028010;ATOCHA
66028030;LA CIÉNAGA Y BARRIO SAN RAFAEL
66028040;LAS COSTAS
66028050;SALTA
66028060;VILLA SAN LORENZO
66035000;ZONA RURAL
66035010;CERRILLOS
66035020;LA MERCED
66035030;SAN AGUSTÍN
66035040;VILLA LOS ÁLAMOS-EL CONGRESO-LAS TUNAS-L
66042000;ZONA RURAL
66042003;BARRIO FINCA LA MAROMA
66042005;BARRIO LA ROTONDA
66042007;BARRIO SANTA TERESITA
66042010;CHICOANA
66042020;EL CARRIL
66049000;ZONA RURAL
66049010;CAMPO SANTO
66049020;COBOS
66049030;EL BORDO
66049040;GENERAL GüEMES
66056000;ZONA RURAL
66056010;AGUARAY
66056020;CAMPAMENTO VESPUCIO
66056030;CAMPICHUELO
66056040;CAMPO DURÁN
66056050;CAPIAZUTI
66056060;CARBONCITO
66056070;CORONEL CORNEJO
66056080;DRAGONES
66056090;EMBARCACIÓN
66056100;GENERAL BALLIVIÁN
66056110;GENERAL MOSCONI
66056120;HICKMAN
66056130;MISIÓN CHAQUEÑA
66056140;MISIÓN EL CRUCE - EL MILAGRO - EL JARDÍN
66056150;MISIÓN KILÓMETRO 6
66056170;PACARÁ
66056180;PADRE LOZANO
66056190;PIQUIRENDA
66056200;PROFESOR SALVADOR MAZZA
66056220;TARTAGAL
66056230;TOBANTIRENDA
66056240;TRANQUITAS
66056250;YACUY
66063000;ZONA RURAL
66063010;GUACHIPAS
66070000;ZONA RURAL
66070010;IRUYA
66070020;ISLA DE CAÑAS
66070030;PUEBLO VIEJO
66077000;ZONA RURAL
66077010;LA CALDERA
66077020;VAQUEROS
66084000;ZONA RURAL
66084010;EL JARDÍN
66084020;EL TALA
66084030;LA CANDELARIA
66091000;ZONA RURAL
66091010;COBRES
66091020;LA POMA
66098000;ZONA RURAL
66098010;AMPASCACHI
66098020;CABRA CORRAL
66098030;CORONEL MOLDES
66098040;LA VIÑA
66098050;TALAPAMPA
66105000;ZONA RURAL
66105010;OLACAPATO
66105020;SAN ANTONIO DE LOS COBRES
66105030;SANTA ROSA DE LOS PASTOS GRANDES
66105040;TOLAR GRANDE
66112000;ZONA RURAL
66112010;EL GALPÓN
66112020;EL TUNAL
66112030;LUMBRERAS
66112040;SAN JOSÉ DE METÁN
66112050;METÁN VIEJO
66112070;RÍO PIEDRAS
66112080;SAN JOSÉ DE ORQUERA
66119000;ZONA RURAL
66119010;LA PUERTA
66119020;MOLINOS
66119030;SECLANTÁS
66126000;ZONA RURAL
66126010;AGUAS BLANCAS
66126020;COLONIA SANTA ROSA
66126030;EL TABACAL
66126040;HIPÓLITO YRIGOYEN
66126060;PICHANAL
66126070;SAN RAMÓN DE LA NUEVA ORÁN
66126080;URUNDEL
66133000;ZONA RURAL
66133010;ALTO DE LA SIERRA
66133020;CAPITÁN JUAN PAGÉ
66133030;CORONEL JUAN SOLÁ
66133035;HITO 1
66133040;LA UNIÓN
66133050;LOS BLANCOS
66133060;PLUMA DE PATO
66133070;RIVADAVIA
66133080;SANTA MARÍA
66133090;SANTA ROSA
66133100;SANTA VICTORIA ESTE
66140000;ZONA RURAL
66140010;ANTILLA
66140020;COPO QUILE
66140030;EL NARANJO
66140040;EL POTRERO
66140050;ROSARIO DE LA FRONTERA
66140060;SAN FELIPE
66147000;ZONA RURAL
66147010;CAMPO QUIJANO
66147015;LA MERCED DEL ENCÓN
66147020;LA SILLETA
66147030;ROSARIO DE LERMA
66154000;ZONA RURAL
66154010;ANGASTACO
66154020;ANIMANÁ
66154030;EL BARRIAL
66154040;SAN CARLOS
66161000;ZONA RURAL
66161010;ACOYTE
66161020;CAMPO LA CRUZ
66161030;LOS TOLDOS
66161040;NAZARENO
66161050;POSCAYA
66161060;SAN MARCOS
66161070;SANTA VICTORIA
70007000;ZONA RURAL
70007010;EL RINCÓN
70007020;VILLA GENERAL SAN MARTÍN - CAMPO
70014000;ZONA RURAL
70014010;LAS TAPIAS
70014020;VILLA EL SALVADOR - VILLA SEFAIR
70021000;ZONA RURAL
70021010;BARREAL - VILLA PITUIL
70021020;CALINGASTA
70021030;TAMBERIAS
70028010;SAN JUAN
70035000;ZONA RURAL
70035010;BERMEJO
70035015;BARRIO JUSTO P. CASTRO IV
70035020;CAUCETE
70035030;EL RINCÓN
70035040;LAS TALAS - LOS MÉDANOS
70035050;MARAYES
70035060;PIE DE PALO
70035070;VALLECITO
70035080;VILLA INDEPENDENCIA
70042010;CHIMBAS
70049000;ZONA RURAL
70049010;ANGUALASTO
70049020;BELLA VISTA
70049030;IGLESIA
70049040;LAS FLORES
70049050;PISMANTA
70049060;RODEO
70049070;TUDCUM
70056000;ZONA RURAL
70056010;EL MÉDANO
70056020;GRAN CHINA
70056030;HUACO
70056040;MOGNA
70056050;NIQUIVIL
70056060;PAMPA VIEJA
70056070;SAN ISIDRO
70056080;SAN JOSÉ DE JÁCHAL
70056090;TAMBERÍAS
70056100;VILLA MALVINAS ARGENTINAS
70056110;VILLA MERCEDES
70063000;ZONA RURAL
70063010;ALTO DE SIERRA
70063020;COLONIA FIORITO
70063030;LAS CHACRITAS
70063040;9 DE JULIO
70070000;ZONA RURAL
70070005;BARRIO MUNICIPAL
70070010;BARRIO RUTA 40
70070020;CARPINTERÍA
70070025;LAS PIEDRITAS
70070030;QUINTO CUARTEL
70070040;VILLA ABERASTAIN - LA RINCONADA
70070050;VILLA BARBOSA - VILLA NACUSI
70070060;VILLA CENTENARIO
70077000;ZONA RURAL
70077010;RAWSON
70077020;VILLA BOLAÑOS (MÉDANO DE ORO)
70084000;ZONA RURAL
70084010;RIVADAVIA
70091000;ZONA RURAL
70091010;BARRIO SADOP-BELLA VISTA
70091020;DOS ACEQUIAS
70091030;SAN ISIDRO
70091040;VILLA DEL SALVADOR
70091050;VILLA DOMINGUITO
70091060;VILLA DON BOSCO
70091070;VILLA SAN MARTÍN
70098010;SANTA LUCÍA
70105000;ZONA RURAL
70105010;CAÑADA HONDA
70105020;CIENAGUITA
70105030;COLONIA FISCAL
70105040;DIVISADERO
70105050;GUANACACHE
70105060;LAS LAGUNAS
70105070;LOS BERROS
70105080;PEDERNAL
70105090;PUNTA DEL MÉDANO
70105100;VILLA MEDIA AGUA
70112000;ZONA RURAL
70112010;VILLA IBÁÑEZ
70119000;ZONA RURAL
70119010;ASTICA
70119020;BALDE DEL ROSARIO
70119030;CHUCUMA
70119040;LOS BALDECITOS
70119050;USNO
70119060;VILLA SAN AGUSTÍN
70126000;ZONA RURAL
70126010;EL ENCON
70126020;TUPELI
70126030;VILLA BORJAS - LA CHIMBERA
70126040;VILLA EL TANGO
70126050;VILLA SANTA ROSA
70133000;ZONA RURAL
70133010;VILLA BASILIO NIEVAS
74007000;ZONA RURAL
74007010;CANDELARIA
74007030;LEANDRO N. ALEM
74007040;LUJÁN
74007050;QUINES
74007070;SAN FRANCISCO DEL MONTE DE
74014000;ZONA RURAL
74014010;LA CALERA
74014020;NOGOLÍ
74014030;VILLA DE LA QUEBRADA
74014040;VILLA GENERAL ROCA
74021000;ZONA RURAL
74021010;CAROLINA
74021020;EL TRAPICHE
74021025;ESTANCIA GRANDE
74021030;FRAGA
74021040;LA BAJADA
74021050;LA FLORIDA
74021060;LA TOMA
74021070;RIOCITO
74021080;RIO GRANDE
74021090;SALADILLO
74028000;ZONA RURAL
74028010;CONCARÁN
74028020;CORTADERAS
74028030;NASCHEL
74028040;PAPAGAYOS
74028050;RENCA
74028060;SAN PABLO
74028070;TILISARAO
74028080;VILLA DEL CARMEN
74028090;VILLA LARCA
74035000;ZONA RURAL
74035010;JUAN JORBA
74035020;JUAN LLERENA
74035030;JUSTO DARACT
74035040;LA PUNILLA
74035050;LAVAISSE
74035055;NACIÓN RANQUEL
74035060;SAN JOSÉ DEL MORRO
74035070;VILLA MERCEDES
74035080;VILLA REYNOLDS
74035090;VILLA SALLES
74042000;ZONA RURAL
74042010;ANCHORENA
74042020;ARIZONA
74042030;BAGUAL
74042040;BATAVIA
74042050;BUENA ESPERANZA
74042060;FORTÍN EL PATRIA
74042070;FORTUNA
74042080;LA MAROMA
74042090;LOS OVEROS
74042100;MARTÍN DE LOYOLA
74042110;NAHUEL MAPA
74042120;NAVIA
74042130;NUEVA GALIA
74042140;UNIÓN
74049000;ZONA RURAL
74049010;CARPINTERÍA
74049020;CERRO DE ORO
74049030;LAFINUR
74049040;LOS CAJONES
74049050;LOS MOLLES
74049060;MERLO
74049070;SANTA ROSA DEL CONLARA
74049080;TALITA
74056000;ZONA RURAL
74056010;ALTO PELADO
74056020;ALTO PENCOSO
74056030;BALDE
74056040;BEAZLEY
74056050;CAZADOR
74056060;CHOSMES
74056070;DESAGUADERO
74056080;EL VOLCÁN
74056090;JARILLA
74056100;JUANA KOSLAY
74056105;LA PUNTA
74056110;MOSMOTA
74056120;POTRERO DE LOS FUNES
74056130;SALINAS DEL BEBEDERO
74056140;SAN JERÓNIMO
74056150;SAN LUIS
74056160;ZANJITAS
74063000;ZONA RURAL
74063010;LA VERTIENTE
74063020;LAS AGUADAS
74063030;LAS CHACRAS
74063040;LAS LAGUNAS
74063050;PASO GRANDE
74063060;POTRERILLO
74063070;SAN MARTÍN
74063080;VILLA DE PRAGA
78007000;ZONA RURAL
78007010;COMANDANTE LUIS PIEDRABUEN
78007020;PUERTO SANTA CRUZ
78014000;ZONA RURAL
78014010;CALETA OLIVIA
78014020;CAÑADÓN SECO
78014030;FITZ ROY
78014040;JARAMILLO
78014050;KOLUEL KAIKE
78014060;LAS HERAS
78014070;PICO TRUNCADO
78014080;PUERTO DESEADO
78014090;TELLIER
78021000;ZONA RURAL
78021010;EL TURBIO
78021020;JULIA DUFOUR
78021030;MINA 3
78021040;RÍO GALLEGOS
78021050;ROSPENTEK
78021060;28 DE NOVIEMBRE
78021070;YACIMIENTOS RÍO TURBIO
78028000;ZONA RURAL
78028010;EL CALAFATE
78028020;EL CHALTÉN
78028030;TRES LAGOS
78035000;ZONA RURAL
78035010;LOS ANTIGUOS
78035020;PERITO MORENO
78042000;ZONA RURAL
78042010;PUERTO SAN JULIÁN
78049000;ZONA RURAL
78049010;BAJO CARACOLES
78049020;GOBERNADOR GREGORES
78049030;HIPÓLITO YRIGOYEN
82007000;ZONA RURAL
82007010;ARMSTRONG
82007020;BOUQUET
82007030;LAS PAREJAS
82007040;LAS ROSAS
82007050;MONTES DE OCA
82007060;TORTUGAS
82014000;ZONA RURAL
82014010;AREQUITO
82014020;ARTEAGA
82014030;BERABEÚ
82014040;BIGAND
82014050;CASILDA
82014060;CHABAS
82014070;CHAÑAR LADEADO
82014080;GÖDEKEN
82014090;LOS MOLINOS
82014100;LOS NOGALES
82014110;LOS QUIRQUINCHOS
82014120;SAN JOSÉ DE LA ESQUINA
82014130;SANFORD
82014140;VILLADA
82021000;ZONA RURAL
82021010;ALDAO
82021020;ANGÉLICA
82021030;ATALIVA
82021040;AURELIA
82021050;BARRIOS ACAPULCO Y VERACRU
82021060;BAUER Y SIGEL
82021070;BELLA ITALIA
82021080;CASTELLANOS
82021090;COLONIA BICHA
82021100;COLONIA CELLO
82021110;COLONIA MARGARITA
82021120;COLONIA RAQUEL
82021130;CORONEL FRAGA
82021140;EGUSQUIZA
82021150;ESMERALDA
82021160;ESTACIÓN CLUCELLAS
82021170;ESTACIÓN SAGUIER
82021180;EUSEBIA Y CAROLINA
82021190;EUSTOLIA
82021200;FRONTERA
82021210;GARIBALDI
82021220;HUMBERTO PRIMO
82021230;JOSEFINA
82021240;LEHMANN
82021250;MARÍA JUANA
82021260;NUEVA LEHMANN
82021270;PLAZA CLUCELLAS
82021280;PLAZA SAGUIER
82021290;PRESIDENTE ROCA
82021300;PUEBLO MARINI
82021310;RAFAELA
82021320;RAMONA
82021330;SAN ANTONIO
82021340;SAN VICENTE
82021350;SANTA CLARA DE SAGUIER
82021360;SUNCHALES
82021370;SUSANA
82021380;TACURAL
82021390;VILA
82021400;VILLA JOSEFINA
82021410;VILLA SAN JOSÉ
82021420;VIRGINIA
82021430;ZENÓN PEREYRA
82028000;ZONA RURAL
82028010;ALCORTA
82028020;BARRIO ARROYO DEL MEDIO
82028030;BARRIO MITRE
82028040;BOMBAL
82028050;CAÑADA RICA
82028060;CEPEDA
82028070;EMPALME VILLA CONSTITUCIÓN
82028080;FIRMAT
82028090;GENERAL GELLY
82028100;GODOY
82028110;JUAN B. MOLINA
82028120;JUNCAL
82028130;LA VANGUARDIA
82028140;MÁXIMO PAZ
82028150;PAVÓN
82028160;PAVON ARRIBA
82028170;PEYRANO
82028180;RUEDA
82028190;SANTA TERESA
82028200;SARGENTO CABRAL
82028210;STEPHENSON
82028220;THEOBALD
82028230;VILLA CONSTITUCIÓN
82035000;ZONA RURAL
82035010;CAYASTÁ
82035020;HELVECIA
82035030;LOS ZAPALLOS
82035040;SALADERO MARIANO CABAL
82035050;SANTA ROSA DE CALCHINES
82042000;ZONA RURAL
82042010;AARÓN CASTELLANOS
82042020;AMENÁBAR
82042030;CAFFERATA
82042040;CAÑADA DEL UCLE
82042050;CARMEN
82042060;CARRERAS
82042070;CHAPUY
82042080;CHOVET
82042090;CHRISTOPHERSEN
82042100;DIEGO DE ALVEAR
82042110;ELORTONDO
82042120;FIRMAT
82042130;HUGHES
82042140;LA CHISPA
82042150;LABORDEBOY
82042160;LAZZARINO
82042170;MAGGIOLO
82042180;MARÍA TERESA
82042190;MELINCUÉ
82042200;MIGUEL TORRES
82042210;MURPHY
82042220;RUFINO
82042230;SAN EDUARDO
82042240;SAN FRANCISCO DE SANTA FE
82042250;SAN GREGORIO
82042260;SANCTI SPIRITU
82042270;SANTA ISABEL
82042280;TEODELINA
82042290;VENADO TUERTO
82042300;VILLA CAÑÁS
82042310;WHEELWRIGHT
82049000;ZONA RURAL
82049010;ARROYO CEIBAL
82049020;AVELLANEDA
82049030;BERNA
82049040;EL ARAZA
82049050;EL RABÓN
82049060;FLORENCIA
82049070;GUADALUPE NORTE
82049080;INGENIERO CHANOURDIE
82049090;LA ISLETA
82049100;LA SARITA
82049110;LANTERI
82049120;LAS GARZAS
82049130;LAS TOSCAS
82049140;LOS LAURELES
82049150;MALABRIGO
82049160;PARAJE SAN MANUEL
82049170;PUERTO RECONQUISTA
82049180;RECONQUISTA
82049190;SAN ANTONIO DE OBLIGADO
82049200;TACUARENDI
82049210;VILLA ANA
82049220;VILLA GUILLERMINA
82049230;VILLA OCAMPO
82056000;ZONA RURAL
82056010;BARRIO CICARELLI
82056020;BUSTINZA
82056030;CAÑADA DE GÓMEZ
82056040;CARRIZALES
82056050;CLASSON
82056060;COLONIA MÉDICI
82056070;CORREA
82056080;LARGUÍA
82056090;LUCIO V. LÓPEZ
82056100;OLIVEROS
82056110;PUEBLO ANDINO
82056120;SALTO GRANDE
82056130;SERODINO
82056140;TOTORAS
82056150;VILLA ELOÍSA
82056160;VILLA LA RIVERA (OLIVEROS)
82056170;VILLA LA RIVERA (PUEBLO AN
82063000;ZONA RURAL
82063010;ANGEL GALLARDO
82063020;ARROYO AGUIAR
82063030;ARROYO LEYES
82063040;CABAL
82063050;CAMPO ANDINO
82063060;CANDIOTI
82063070;EMILIA
82063080;LAGUNA PAIVA
82063090;LLAMBI CAMPBELL
82063100;MONTE VERA
82063110;NELSON
82063120;PARAJE CHACO CHICO
82063130;PARAJE LA COSTA
82063140;RECREO
82063150;RINCÓN POTRERO
82063160;SAN JOSÉ DEL RINCÓN
82063170;SANTA FE
82063180;SANTO TOMÉ
82063190;SAUCE VIEJO
82063200;VILLA LAURA
82070000;ZONA RURAL
82070010;CAVOUR
82070020;CULULÚ
82070030;ELISA
82070040;EMPALME SAN CARLOS
82070050;ESPERANZA
82070060;FELICIA
82070070;FRANCK
82070080;GRUTLY
82070090;HIPATÍA
82070100;HUMBOLDT
82070110;JACINTO L. ARÁUZ
82070120;LA PELADA
82070130;LAS TUNAS
82070140;MARÍA LUISA
82070150;MATILDE
82070160;NUEVO TORINO
82070170;PILAR
82070180;PLAZA MATILDE
82070190;PROGRESO
82070200;PROVIDENCIA
82070210;SA PEREYRA
82070220;SAN AGUSTÍN
82070230;SAN CARLOS CENTRO
82070240;SAN CARLOS NORTE
82070250;SAN CARLOS SUD
82070260;SAN JERÓNIMO DEL SAUCE
82070270;SAN JERÓNIMO NORTE
82070280;SAN MARIANO
82070290;SANTA CLARA DE BUENA VISTA
82070300;SANTO DOMINGO
82070310;SARMIENTO
82077000;ZONA RURAL
82077010;ESTEBAN RAMS
82077020;GATO COLORADO
82077030;GREGORIA PÉREZ DE DENIS
82077040;LOGROÑO
82077050;MONTEFIORE
82077060;POZO BORRADO
82077065;SAN BERNARDO
82077070;SANTA MARGARITA
82077080;TOSTADO
82077090;VILLA MINETTI
82084000;ZONA RURAL
82084010;ACEBAL
82084020;ALBARELLOS
82084030;ÁLVAREZ
82084040;ALVEAR
82084050;ARBILLA
82084060;ARMINDA
82084070;ARROYO SECO
82084080;CARMEN DEL SAUCE
82084090;CORONEL BOGADO
82084100;CORONEL RODOLFO S. DOMÍNGU
82084110;CUATRO ESQUINAS
82084120;EL CARAMELO
82084130;FIGHIERA
82084140;FUNES
82084150;GENERAL LAGOS
82084160;GRANADERO BAIGORRIA
82084170;IBARLUCEA
82084180;KILÓMETRO 101
82084190;LOS MUCHACHOS-LA ALBORADA
82084200;MONTE FLORES
82084210;PÉREZ
82084220;PIÑERO
82084230;PUEBLO ESTHER
82084240;PUEBLO MUÑOZ
82084250;PUEBLO URANGA
82084260;PUERTO ARROYO SECO
82084270;ROSARIO
82084280;SOLDINI
82084290;VILLA AMELIA
82084300;VILLA DEL PLATA
82084310;VILLA GOBERNADOR GÁLVEZ
82084320;ZAVALLA
82091000;ZONA RURAL
82091010;AGUARÁ GRANDE
82091020;AMBROSETTI
82091030;ARRUFO
82091040;BALNEARIO LA VERDE
82091050;CAPIVARA
82091060;CERES
82091070;COLONIA ANA
82091080;COLONIA BOSSI
82091090;COLONIA ROSA
82091100;CONSTANZA
82091110;CURUPAYTI
82091120;HERSILIA
82091130;HUANQUEROS
82091140;LA CABRAL
82091145;LA LUCILA
82091150;LA RUBIA
82091160;LAS AVISPAS
82091170;LAS PALMERAS
82091180;MOISÉS VILLE
82091190;MONIGOTES
82091200;ÑANDUCITA
82091210;PALACIOS
82091220;SAN CRISTÓBAL
82091230;SAN GUILLERMO
82091240;SANTURCE
82091250;SOLEDAD
82091260;SUARDI
82091270;VILLA SARALEGUI
82091280;VILLA TRINIDAD
82098000;ZONA RURAL
82098010;ALEJANDRA
82098020;CACIQUE ARIACAIQUÍN
82098030;COLONIA DURÁN
82098040;LA BRAVA
82098050;ROMANG
82098060;SAN JAVIER
82105000;ZONA RURAL
82105010;AROCENA
82105020;BALNEARIO MONJE
82105030;BARRANCAS
82105040;BARRIO CAIMA
82105050;BARRIO EL PACAÁ-BARRIO COM
82105060;BERNARDO DE IRIGOYEN
82105070;CASALEGNO
82105080;CENTENO
82105090;CORONDA
82105100;DESVÍO ARIJÓN
82105110;DÍAZ
82105120;GABOTO
82105130;GÁLVEZ
82105140;GESSLER
82105150;IRIGOYEN
82105160;LARRECHEA
82105170;LOMA ALTA
82105180;LÓPEZ
82105190;MACIEL
82105200;MONJE
82105210;PUERTO ARAGÓN
82105220;SAN EUGENIO
82105230;SAN FABIÁN
82105240;SAN GENARO
82105250;SAN GENARO NORTE
82112000;ZONA RURAL
82112010;ANGELONI
82112020;CAYASTACITO
82112030;COLONIA DOLORES
82112040;ESTHER
82112050;GOBERNADOR CRESPO
82112060;LA CRIOLLA
82112070;LA PENCA Y CARAGUATÁ
82112080;MARCELINO ESCALADA
82112090;NARÉ
82112100;PEDRO GÓMEZ CELLO
82112110;RAMAYÓN
82112120;SAN BERNARDO
82112130;SAN JUSTO
82112140;SAN MARTÍN NORTE
82112150;SILVA
82112160;VERA Y PINTADO
82112170;VIDELA
82119000;ZONA RURAL
82119010;ALDAO
82119020;CAPITÁN BERMÚDEZ
82119030;CARCARAÑÁ
82119040;CORONEL ARNOLD
82119050;FRAY LUIS BELTRÁN
82119060;FUENTES
82119065;IBARLUCEA
82119070;LUIS PALACIOS
82119080;PUERTO GENERAL SAN MARTÍN
82119090;PUJATO
82119100;RICARDONE
82119110;ROLDÁN
82119120;SAN JERÓNIMO SUD
82119130;SAN LORENZO
82119140;TIMBÚES
82119150;VILLA ELVIRA
82119160;VILLA MUGUETA
82119170;IBARLUCEA
82126000;ZONA RURAL
82126010;CAÑADA ROSQUÍN
82126020;CARLOS PELLEGRINI
82126030;CASAS
82126040;CASTELAR
82126050;COLONIA BELGRANO
82126060;CRISPI
82126070;EL TRÉBOL
82126080;LANDETA
82126090;LAS BANDURRIAS
82126100;LAS PETACAS
82126110;LOS CARDOS
82126120;MARÍA SUSANA
82126130;PIAMONTE
82126140;SAN JORGE
82126150;SAN MARTÍN DE LAS ESCOBAS
82126160;SASTRE
82126170;TRAILL
82126180;WILDERMUTH
82133000;ZONA RURAL
82133010;CALCHAQUÍ
82133020;CAÑADA OMBÚ
82133030;COLMENA
82133040;FORTÍN OLMOS
82133050;GARABATO
82133060;GOLONDRINA
82133070;INTIYACO
82133080;KILÓMETRO 115
82133090;LA GALLARETA
82133100;LOS AMORES
82133110;MARGARITA
82133120;PARAJE 29
82133130;POZO DE LOS INDIOS
82133140;PUEBLO SANTA LUCÍA
82133150;TARTAGAL
82133160;TOBA
82133170;VERA
86007000;ZONA RURAL
86007010;ARGENTINA
86007020;CASARES
86007030;MALBRÁN
86007040;VILLA GENERAL MITRE
86014000;ZONA RURAL
86014010;CAMPO GALLO
86014020;CORONEL MANUEL L. RICO
86014030;DONADEU
86014040;SACHAYOJ
86014050;SANTOS LUGARES
86021000;ZONA RURAL
86021010;ESTACIÓN ATAMISQUI
86021020;MEDELLÍN
86021030;VILLA ATAMISQUI
86028000;ZONA RURAL
86028010;COLONIA DORA
86028020;HERRERA
86028030;ICAÑO
86028040;LUGONES
86028050;REAL SAYANA
86028060;VILLA MAILÍN
86035000;ZONA RURAL
86035010;ABRA GRANDE
86035020;ANTAJÉ
86035030;ARDILES
86035040;CAÑADA ESCOBAR
86035050;CHAUPI POZO
86035060;CLODOMIRA
86035070;HUYAMAMPA
86035080;LA AURORA
86035090;LA BANDA
86035100;LA DÁRSENA
86035110;LOS QUIROGA
86035120;LOS SORIA
86035130;SIMBOLAR
86035140;TRAMO 16
86035150;TRAMO 20
86042000;ZONA RURAL
86042010;BANDERA
86042020;CUATRO BOCAS
86042030;FORTÍN INCA
86042040;GUARDIA ESCOLTA
86049000;ZONA RURAL
86049010;EL DEÁN
86049020;EL MOJÓN
86049030;EL ZANJÓN
86049040;LOS CARDOZOS
86049050;MACO
86049060;MAQUITO
86049070;MORALES
86049080;PUESTO DE SAN ANTONIO
86049090;SAN PEDRO
86049100;SANTA MARÍA
86049110;SANTIAGO DEL ESTERO
86049120;VUELTA DE LA BARRANCA
86049130;YANDA
86056000;ZONA RURAL
86056010;EL CABURÉ
86056020;LA FIRMEZA
86056030;LOS PIRPINTOS
86056040;LOS TIGRES
86056050;MONTE QUEMADO
86056060;NUEVA ESPERANZA
86056070;PAMPA DE LOS GUANACOS
86056080;SAN JOSÉ DEL BOQUERÓN
86056090;URUTAÚ
86063000;ZONA RURAL
86063010;ANCAJÁN
86063020;CHOYA
86063030;ESTACIÓN LA PUNTA
86063040;FRÍAS
86063050;LAPRIDA
86063070;SAN PEDRO
86063080;TAPSO
86063090;VILLA LA PUNTA
86070000;ZONA RURAL
86070010;BANDERA BAJADA
86070020;CASPI CORRAL
86070030;COLONIA SAN JUAN
86070040;EL CRUCERO
86070050;KILÓMETRO 30
86070060;LA CAÑADA
86070070;LA INVERNADA NORTE
86070080;MINERVA
86070090;VACA HUAÑUNA
86070100;VILLA FIGUEROA
86077000;ZONA RURAL
86077010;AÑATUYA
86077020;AVERÍAS
86077030;ESTACIÓN TACAÑITAS
86077040;LA NENA
86077050;LOS JURÍES
86077060;TOMÁS YOUNG
86084000;ZONA RURAL
86084010;LAVALLE
86084020;SAN PEDRO
86091000;ZONA RURAL
86091005;EL ARENAL
86091010;EL BOBADAL
86091020;EL CHARCO
86091030;EL RINCÓN
86091040;GRAMILLA
86091050;ISCA YACU
86091060;ISCA YACU SEMAUL
86091070;POZO HONDO
86091080;SAN PEDRO
86098000;ZONA RURAL
86098010;EL COLORADO
86098020;EL CUADRADO
86098030;MATARÁ
86098040;SUNCHO CORRAL
86098050;VILELAS
86098060;YUCHÁN
86105000;ZONA RURAL
86105010;VILLA SAN MARTÍN (EST. LORETO)
86112000;ZONA RURAL
86112010;VILLA UNIÓN
86119000;ZONA RURAL
86119010;AEROLITO
86119020;ALHUAMPA
86119030;HASSE
86119040;HERNÁN MEJÍA MIRAVAL
86119050;LAS TINAJAS
86119060;LIBERTAD
86119070;LILO VIEJO
86119080;PATAY
86119090;PUEBLO PABLO TORELO
86119100;QUIMILÍ
86119110;ROVERSI
86119120;TINTINA
86119130;WEISBURD
86126000;ZONA RURAL
86126010;EL 49
86126020;SOL DE JULIO
86126030;VILLA OJO DE AGUA
86133000;ZONA RURAL
86133010;EL MOJÓN
86133020;LAS DELICIAS
86133030;NUEVA ESPERANZA
86133040;POZO BETBEDER
86133050;RAPELLI
86133060;SANTO DOMINGO
86140000;ZONA RURAL
86140010;RAMÍREZ DE VELAZCO
86140020;SUMAMPA
86140030;SUMAMPA VIEJO
86147000;ZONA RURAL
86147010;CHAÑAR POZO DE ABAJO
86147020;CHAUCHILLAS
86147030;COLONIA TINCO
86147040;EL CHARCO
86147050;GRAMILLA
86147060;LA NUEVA DONOSA
86147070;LOS MIRANDA
86147080;LOS NÚÑEZ
86147090;MANSUPA
86147100;POZUELOS
86147110;RODEO DE VALDEZ
86147120;EL SAUZAL
86147130;TERMAS DE RÍO HONDO
86147140;VILLA GIMÉNEZ
86147150;VILLA RÍO HONDO
86147160;VILLA TURÍSTICA DEL EMBALSE DE RÍ
86147170;VINARÁ
86154000;ZONA RURAL
86154010;COLONIA ALPINA
86154020;PALO NEGRO
86154030;SELVA
86161000;ZONA RURAL
86161010;BELTRÁN
86161020;COLONIA EL SIMBOLAR
86161030;FERNÁNDEZ
86161040;INGENIERO FORRES
86161050;VILMER
86168000;ZONA RURAL
86168010;CHILCA JULIANA
86168020;LOS TELARES
86168030;VILLA SALAVINA
86175000;ZONA RURAL
86175010;BREA POZO
86175020;ESTACIÓN ROBLES
86175030;ESTACIÓN TABOADA
86175040;VILLA NUEVA
86182000;ZONA RURAL
86182010;GARZA
86189000;ZONA RURAL
86189010;ÁRRAGA
86189020;NUEVA FRANCIA
86189030;SIMBOL
86189040;SUMAMAO
86189050;VILLA SILÍPICA
90007000;ZONA RURAL
90007010;BARRIO SAN JORGE
90007020;EL CHAÑAR
90007030;EL NARANJO
90007040;GARMENDIA
90007050;LA RAMADA
90007060;MACOMITAS
90007070;PIEDRABUENA
90007080;7 DE ABRIL
90007090;VILLA BENJAMÍN ARÁOZ
90007100;VILLA BURRUYACÚ
90007110;VILLA PADRE MONTI
90014000;ZONA RURAL
90014010;ALDERETES
90014020;BANDA DEL RÍO SALÍ
90014040;COLOMBRES
90014050;COLONIA MAYO - BARRIO LA MILAGROSA
90014060;DELFIN GALLO
90014070;EL BRACHO
90014080;LA FLORIDA
90014090;LAS CEJAS
90014100;LOS RALOS
90014110;PACARÁ
90014120;RANCHILLOS
90014130;SAN ANDRÉS
90021000;ZONA RURAL
90021010;ALPACHIRI
90021020;ALTO VERDE
90021030;ARCADIA
90021040;BARRIO SAN ROQUE
90021050;CONCEPCIÓN
90021060;ILTICO
90021070;LA TRINIDAD
90021080;MEDINA
90028000;ZONA RURAL
90028010;BARRIO CASA ROSADA
90028020;CAMPO DE HERRERA
90028030;FAMAILLÁ
90028040;INGENIO FRONTERITA
90035000;ZONA RURAL
90035010;GRANEROS
90035020;LAMADRID
90035030;TACO RALO
90042000;ZONA RURAL
90042010;JUAN BAUTISTA ALBERDI
90042020;VILLA BELGRANO
90049000;ZONA RURAL
90049010;LA COCHA
90049020;SAN JOSÉ DE LA COCHA
90056000;ZONA RURAL
90056010;BELLA VISTA
90056020;ESTACIÓN ARÁOZ
90056030;LOS PUESTOS
90056040;MANUEL GARCÍA FERNÁNDEZ
90056050;PALA PALA
90056060;RIO COLORADO
90056070;SANTA ROSA DE LEALES
90056080;VILLA FIAD - INGENIO LEALES
90056090;VILLA DE LEALES
90063000;ZONA RURAL
90063010;BARRIO SAN FELIPE
90063020;EL MANANTIAL
90063030;INGENIO SAN PABLO
90063040;LA REDUCCIÓN
90063050;LULES
90070000;ZONA RURAL
90070010;ACHERAL
90070020;CAPITÁN CÁCERES
90070030;MONTEROS
90070040;PUEBLO INDEPENDENCIA
90070050;RÍO SECO
90070060;SANTA LUCÍA
90070070;SARGENTO MOYA
90070080;SOLDADO MALDONADO
90070090;TENIENTE BERDINA
90070100;VILLA QUINTEROS
90077000;ZONA RURAL
90077010;AGUILARES
90077020;LOS SARMIENTOS
90077030;RÍO CHICO
90077040;SANTA ANA
90077050;VILLA CLODOMIRO HILERET
90084010;SAN MIGUEL DE TUCUMÁN
90091000;ZONA RURAL
90091010;ATAHONA
90091020;MONTEAGUDO
90091030;NUEVA TRINIDAD
90091040;SANTA CRUZ
90091050;SIMOCA
90091060;VILLA CHICLIGASTA
90098000;ZONA RURAL
90098010;AMAICHA DEL VALLE
90098020;COLALAO DEL VALLE
90098030;EL MOLLAR
90098040;TAFI DEL VALLE
90105000;ZONA RURAL
90105010;BARRIO EL CRUCE
90105020;BARRIO LOMAS DE TAFÍ
90105030;BARRIO MUTUAL SAN MARTÍN
90105040;BARRIO PARADA 14
90105050;BARRIO UTA II
90105060;DIAGONAL NORTE - LUZ Y FUERZA - LOS POCI   POCI
90105070;EL CADILLAL
90105080;TAFÍ VIEJO
90105090;VILLA LAS FLORES
90105100;VILLA MARIANO MORENO - EL COLMENAR
90112000;ZONA RURAL
90112010;CHOROMORO
90112020;SAN PEDRO DE COLALAO
90112030;VILLA DE TRANCAS
90119000;ZONA RURAL
90119010;BARRIO SAN JOSÉ III
90119020;VILLA CARMELA
90119030;YERBA BUENA - MARCOS PAZ
94007000;ZONA RURAL
94007010;RÍO GRANDE
94007020;TOLHUIN
94014000;ZONA RURAL
94014010;LAGUNA ESCONDIDA
94014020;USHUAIA
94021000;ISLAS GEORGIAS, ORCADAS Y SAD
94028000;BASES ANTARTICAS
95000002;MISSING
95000001;NOTAPPLICABLE
