MUNI;label
20010001;COMUNA 1
20020001;COMUNA 2
20030001;COMUNA 3
20040001;COMUNA 4
20050001;COMUNA 5
20060001;COMUNA 6
20070001;COMUNA 7
20080001;COMUNA 8
20090001;COMUNA 9
20100001;COMUNA 10
20110001;COMUNA 11
20120001;COMUNA 12
20130001;COMUNA 13
20140001;COMUNA 14
20150001;COMUNA 15
60070007;ADOLFO ALSINA
60140014;ADOLFO GONZALES CHAVES
60210021;ALBERTI
60280028;ALMIRANTE BROWN
60350035;AVELLANEDA
60420042;AYACUCHO
60490049;AZUL
60560056;BAHIA BLANCA
60630063;BALCARCE
60700070;BARADERO
60770077;ARRECIFES
60840084;BENITO JUAREZ
60910091;BERAZATEGUI
60980098;BERISSO
61050105;BOLIVAR
61120112;BRAGADO
61190119;BRANDSEN
61260126;CAMPANA
61340134;CAÑUELAS
61400140;CAPITAN SARMIENTO
61470147;CARLOS CASARES
61540154;CARLOS TEJEDOR
61610161;CARMEN DE ARECO
61680168;CASTELLI
61750175;COLON
61820182;CORONEL DE MARINA L. ROSALES
61890189;CORONEL DORREGO
61960196;CORONEL PRINGLES
62030203;CORONEL SUAREZ
62100210;CHACABUCO
62170217;CHASCOMUS
62240224;CHIVILCOY
62310231;DAIREAUX
62380238;DOLORES
62450245;ENSENADA
62520252;ESCOBAR
62600260;ESTEBAN ECHEVERRIA
62660266;EXALTACION DE LA CRUZ
62700270;EZEIZA
62740274;FLORENCIO VARELA
62770277;FLORENTINO AMEGHINO
62800280;GENERAL ALVARADO
62870287;GENERAL ALVEAR
62940294;GENERAL ARENALES
63010301;GENERAL BELGRANO
63080308;GENERAL GUIDO
63150315;GENERAL JUAN MADARIAGA
63220322;GENERAL LA MADRID
63290329;GENERAL LAS HERAS
63360336;GENERAL LAVALLE
63430343;GENERAL PAZ
63510351;GENERAL PINTO
63570357;GENERAL PUEYRREDON
63640364;GENERAL RODRIGUEZ
63710371;GENERAL SAN MARTIN
63850385;GENERAL VIAMONTE
63920392;GENERAL VILLEGAS
63990399;GUAMINI
64060406;HIPOLITO YRIGOYEN
64080408;HURLINGHAM
64100410;ITUZAINGO
64120412;JOSE C. PAZ
64130413;JUNIN
64200420;LA COSTA
64270427;LA MATANZA
64340434;LANUS
64410441;LA PLATA
64480448;LAPRIDA
64550455;LAS FLORES
64620462;LEANDRO N. ALEM
64690469;LINCOLN
64760476;LOBERIA
64830483;LOBOS
64900490;LOMAS DE ZAMORA
64970497;LUJAN
65050505;MAGDALENA
65110511;MAIPU
65150515;MALVINAS ARGENTINAS
65180518;MAR CHIQUITA
65250525;MARCOS PAZ
65320532;MERCEDES
65390539;MERLO
65470547;MONTE
65530553;MONTE HERMOSO
65600560;MORENO
65680568;MORON
65740574;NAVARRO
65810581;NECOCHEA
65880588;9 DE JULIO
65950595;OLAVARRIA
66020602;PATAGONES
66090609;PEHUAJO
66160616;PELLEGRINI
66230623;PERGAMINO
66300630;PILA
66380638;PILAR
66440644;PINAMAR
66480648;PRESIDENTE PERON
66510651;PUAN
66550655;PUNTA INDIO
66580658;QUILMES
66650665;RAMALLO
66720672;RAUCH
66790679;RIVADAVIA
66860686;ROJAS
66930693;ROQUE PEREZ
67000700;SAAVEDRA
67070707;SALADILLO
67140714;SALTO
67210721;SALLIQUELO
67280728;SAN ANDRES DE GILES
67350735;SAN ANTONIO DE ARECO
67420742;SAN CAYETANO
67490749;SAN FERNANDO
67560756;SAN ISIDRO
67600760;SAN MIGUEL
67630763;SAN NICOLAS
67700077;SAN PEDRO
67780778;SAN VICENTE
67840784;SUIPACHA
67910079;TANDIL
67980079;TAPALQUE
68050805;TIGRE
68120812;TORDILLO
68190819;TORNQUIST
68260826;TRENQUE LAUQUEN
68330833;TRES ARROYOS
68400840;TRES DE FEBRERO
68470847;TRES LOMAS
68540854;25 DE MAYO
68610861;VICENTE LOPEZ
68680868;VILLA GESELL
68750875;VILLARINO
68820882;ZARATE
100070007;EL RODEO
100070014;LA PUERTA
100070021;LAS JUNTAS
100070028;LOS VARELA
100140035;ANCASTI
100210042;ACONQUIJA
100210049;ANDALGALA
100280056;ANTOFAGASTA DE LA SIERRA
100350063;BELEN
100350070;CORRAL QUEMADO
100350077;HUALFIN
100350084;LONDRES
100350091;POZO DE PIEDRA
100350098;PUERTA DE CORRAL QUEMADO
100350105;PUERTA DE SAN JOSE
100350112;SAN FERNANDO
100350119;VILLA VIL
100420126;CAPAYAN
100420133;HUILLAPIMA
100490140;SAN FERNANDO DEL VALLE DE CATAMARCA
100560147;EL ALTO
100560154;TAPSO
100630161;FRAY MAMERTO ESQUIU
100700168;ICAÑO
100700175;RECREO
100770182;PACLIN
100840185;MUTQUIN
100840189;POMAN
100840196;SAUJIL
100910203;SAN JOSE
100910210;SANTA MARIA
100980213;LOS ALTOS
100980217;SANTA ROSA
101050224;FIAMBALA
101050231;TINOGASTA
101120238;VALLE VIEJO
220070007;CONCEPCION DEL BERMEJO
220070014;LOS FRENTONES
220070021;PAMPA DEL INFIERNO
220070028;TACO POZO
220140035;GENERAL VEDIA
220140042;ISLA DEL CERRITO
220140049;LA LEONESA
220140056;LAS PALMAS
220140063;PUERTO BERMEJO
220140070;PUERTO EVA PERON
220210077;PRESIDENCIA ROQUE SAENZ PEÑA
220280084;CHARATA
220360091;GANCEDO
220360098;GENERAL CAPDEVILA
220360105;GENERAL PINEDO
220390112;HERMOSO CAMPO
220430119;CHOROTIS
220430126;SANTA SYLVINA
220490133;CORZUELA
220560140;LA ESCONDIDA
220560147;LAPACHITO
220560154;LA VERDE
220560161;MAKALLE
220630168;EL SAUZALITO
220630175;FUERTE ESPERANZA
220630182;JUAN JOSE CASTELLI
220630189;MIRAFLORES
220630196;MISION NUEVA POMPEYA
220630203;VILLA RIO BERMEJITO
220700210;AVIA TERAI
220700217;CAMPO LARGO
220700224;NAPENAY
220770231;COLONIA POPULAR
220770238;LAGUNA BLANCA
220770245;PUERTO TIROL
220840252;CIERVO PETISO
220840259;GENERAL SAN MARTIN
220840266;LA EDUVIGIS
220840273;LAGUNA LIMPIA
220840280;PAMPA ALMIRON
220840287;PAMPA DEL INDIO
220840294;PRESIDENCIA ROCA
220910301;TRES ISLETAS
220980308;CORONEL DU GRATY
220980315;ENRIQUE URIEN
220980322;VILLA ANGELA
221050329;LAS BREÑAS
221120336;LA CLOTILDE
221120343;LA TIGRA
221120350;SAN BERNARDO
221190357;PRESIDENCIA DE LA PLAZA
221260364;COLONIA BENITEZ
221260371;MARGARITA BELEN
221330378;QUITILIPI
221400385;BARRANQUERAS
221400392;BASAIL
221400399;FONTANA
221400406;PUERTO VILELAS
221400413;RESISTENCIA
221470420;SAMUHU
221470427;VILLA BERTHET
221540434;CAPITAN SOLARI
221540441;COLONIA ELISA
221540448;COLONIAS UNIDAS
221540455;LAS GARCITAS
221610462;COTE LAI
221610469;CHARADAI
221680476;MACHAGAI
260070000;ZONA RURAL
260070007;PUERTO MADRYN
260075028;PUERTO PIRAMIDES
260140000;ZONA RURAL
260140014;CHOLILA
260140021;EL HOYO
260140028;EL MAITEN
260140035;EPUYEN
260140042;LAGO PUELO
260145007;GUALJAINA
260148014;CUSHAMEN CENTRO
260210000;ZONA RURAL
260210049;COMODORO RIVADAVIA
260210056;RADA TILLY
260280000;ZONA RURAL
260280063;CAMARONES
260350000;ZONA RURAL
260350070;CORCOVADO
260350077;ESQUEL
260350084;TREVELIN
260358021;CERRO CENTINELA
260420000;ZONA RURAL
260420091;DOLAVON
260420098;GAIMAN
260425014;28 DE JULIO
260428028;DIQUE FLORENTINO AMEGHINO
260490000;ZONA RURAL
260498035;GASTRE
260498042;LAGUNITA SALADA
260560000;ZONA RURAL
260560105;TECKA
260568049;ALDEA EPULEF
260568056;CARRENLEUFU
260568063;COLAN CONHUE
260568070;PASO DEL SAPO
260630000;ZONA RURAL
260638077;LAS PLUMAS
260700000;ZONA RURAL
260705021;PASO DE INDIOS
260708084;LOS ALTARES
260770000;ZONA RURAL
260770112;RAWSON
260770119;TRELEW
260840000;ZONA RURAL
260840126;ALTO RIO SENGUER
260840133;RIO MAYO
260848091;ALDEA BELEIRO
260848098;DR. RICARDO ROJAS
260848105;FACUNDO
260848112;LAGO BLANCO
260848140;ALDEA APELEG
260910000;ZONA RURAL
260910140;SARMIENTO
260918119;BUEN PASTO
260980000;ZONA RURAL
260980147;GOBERNADOR COSTA
260980154;JOSE DE SAN MARTIN
260980161;RIO PICO
260988147;VIGLIONE
261050000;ZONA RURAL
261058126;GAN GAN
261058133;TELSEN
140070000;ZONA RURAL
140070007;EMBALSE
140070014;LA CRUZ
140070021;LOS CONDORES
140070028;RIO DE LOS SAUCES
140070035;SANTA ROSA DE CALAMUCHITA
140070042;VILLA DEL DIQUE
140070049;VILLA GENERAL BELGRANO
140070056;SAN AGUSTIN
140070063;VILLA RUMIPAL
140070070;VILLA YACANTO
140072007;AMBOY
140072014;CALMAYO
140072021;CAÑADA DEL SAUCE
140072028;LAS BAJADAS
140072035;LAS CALERAS
140072042;LOS MOLINOS
140072049;LOS REARTES
140072056;LUTTI
140072063;SAN IGNACIO
140072070;SEGUNDA USINA
140072077;VILLA AMANCAY
140072084;VILLA CIUDAD PARQUE LOS REARTES
140072091;VILLA QUILLINZO
140073015;LA CUMBRECITA
140140077;CORDOBA
140210000;ZONA RURAL
140210084;AGUA DE ORO
140210091;COLONIA CAROYA
140210098;COLONIA TIROLESA
140210105;ESTACION JUAREZ CELMAN
140210112;JESUS MARIA
140210119;LA CALERA
140210126;LA GRANJA
140210133;MALVINAS ARGENTINAS
140210140;MENDIOLAZA
140210147;RIO CEBALLOS
140210154;SALDAN
140210161;SALSIPUEDES
140210168;UNQUILLO
140210175;VILLA ALLENDE
140212098;COLONIA VICENTE AGÃœERO
140212105;EL MANZANO
140212112;ESTACION GENERAL PAZ
140212119;MI GRANJA
140212126;VILLA CERRO AZUL
140212728;TINOCO
140280000;ZONA RURAL
140280182;CRUZ DEL EJE
140280189;SAN MARCOS SIERRAS
140280196;SERREZUELA
140280203;VILLA DE SOTO
140282133;ALTO DE LOS QUEBRACHOS
140282140;BAÑADO DE SOTO
140282147;CRUZ DE CAÑA
140282154;EL BRETE
140282161;GUANACO MUERTO
140282168;LA BATEA
140282175;LA HIGUERA
140282182;LAS CAÑADAS
140282189;LAS PLAYAS
140282196;LOS CHAÑARITOS (C. D. E.)
140282203;MEDIA NARANJA
140282210;PASO VIEJO
140282217;TUCLAME
140350000;ZONA RURAL
140350210;BUCHARDO
140350217;DEL CAMPILLO
140350224;HUINCA RENANCO
140350231;ITALO
140350238;JOVITA
140350245;MATTALDI
140350252;VILLA HUIDOBRO
140350259;VILLA VALERIA
140352224;NICOLAS BRUZZONE
140352231;ONAGOITY
140352238;PINCEN
140352245;RANQUELES
140352252;VILLA SARMIENTO (G. R.)
140420000;ZONA RURAL
140420266;ARROYO ALGODON
140420273;ARROYO CABRAL
140420280;AUSONIA
140420287;CHAZON
140420294;ETRURIA
140420301;LA LAGUNA
140420308;LA PALESTINA
140420315;LA PLAYOSA
140420322;LUCA
140420329;PASCO
140420336;SILVIO PELLICO
140420343;TICINO
140420350;TIO PUJIO
140420357;VILLA MARIA
140420364;VILLA NUEVA
140490000;ZONA RURAL
140490371;DEAN FUNES
140490378;QUILINO
140492259;AVELLANEDA
140492266;CAÑADA DE RIO PINTO
140492273;CHUÑA
140492280;COPACABANA
140492287;LOS POZOS
140492294;OLIVARES DE SAN NICOLAS
140492301;VILLA GUTIERREZ
140560000;ZONA RURAL
140560385;ALEJANDRO ROCA
140560392;BENGOLEA
140560399;CARNERILLO
140560406;CHARRAS
140560413;GENERAL CABRERA
140560420;GENERAL DEHEZA
140560427;HUANCHILLA
140560434;LA CARLOTA
140560441;LOS CISNES
140560448;OLAETA
140560455;REDUCCION
140560462;SANTA EUFEMIA
140560469;UCACHA
140562308;ASSUNTA
140562315;EL RASTREADOR
140562322;PACHECO DE MELO
140562329;PASO DEL DURAZNO
140630000;ZONA RURAL
140630476;ALEJO LEDESMA
140630483;ARIAS
140630490;CAMILO ALDAO
140630497;CAPITAN GENERAL BERNARDO O HIGGINS
140630504;CAVANAGH
140630511;COLONIA ITALIANA
140630518;CORRAL DE BUSTOS
140630525;CRUZ ALTA
140630532;GENERAL BALDISSERA
140630539;GENERAL ROCA
140630546;GUATIMOZIN
140630553;INRIVILLE
140630560;ISLA VERDE
140630567;LEONES
140630574;LOS SURGENTES
140630581;MARCOS JUAREZ
140630588;MONTE BUEY
140630595;SAIRA
140632336;COLONIA BARGE
140632343;SALADILLO
140632350;VILLA ELISA
140700000;ZONA RURAL
140700602;SAN CARLOS MINAS
140702357;CIENAGA DEL CORO
140702364;EL CHACHO
140702371;ESTANCIA DE GUADALUPE
140702378;GUASAPAMPA
140702385;LA PLAYA
140702392;TALAINI
140702399;TOSNO
140770000;ZONA RURAL
140770609;SALSACATE
140772406;CHANCANI
140772413;LAS PALMAS
140772420;LOS TALARES
140772427;SAN GERONIMO
140772434;TALA CAÑADA
140772441;VILLA DE POCHO
140840000;ZONA RURAL
140840616;GENERAL LEVALLE
140840623;LA CESIRA
140840630;LABOULAYE
140840637;MELO
140840644;ROSALES
140840651;SERRANO
140840658;VILLA ROSSI
140842448;LEGUIZAMON
140842455;RIOBAMBA
140842462;SAN JOAQUIN
140910000;ZONA RURAL
140910665;BIALET MASSE
140910672;CAPILLA DEL MONTE
140910679;COSQUIN
140910686;HUERTA GRANDE
140910693;LA CUMBRE
140910700;LA FALDA
140910707;LOS COCOS
140910714;SAN ESTEBAN
140910721;SANTA MARIA DE PUNILLA
140910728;TANTI
140910735;VALLE HERMOSO
140910742;VILLA CARLOS PAZ
140910749;VILLA GIARDINO
140912469;CABALANGO
140912476;CASA GRANDE
140912483;CHARBONIER
140912490;CUESTA BLANCA
140912497;ESTANCIA VIEJA
140912504;MAYU SUMAJ
140912511;SAN ANTONIO DE ARREDONDO
140912518;SAN ROQUE
140912525;TALA HUASI
140912532;VILLA PARQUE SIQUIMAN
140912539;VILLA SANTA CRUZ DEL LAGO
140912546;VILLA RIO ICHO CRUZ
140980000;ZONA RURAL
140980756;ACHIRAS
140980763;ADELIA MARIA
140980770;ALCIRA
140980777;ALPA CORRAL
140980784;BERROTARAN
140980791;BULNES
140980798;CHAJAN
140980805;CORONEL BAIGORRIA
140980812;CORONEL MOLDES
140980819;ELENA
140980826;LA CAUTIVA
140980833;LAS ACEQUIAS
140980840;LAS HIGUERAS
140980847;LAS VERTIENTES
140980854;MONTE DE LOS GAUCHOS
140980861;RIO CUARTO
140980868;SAMPACHO
140980875;SAN BASILIO
140980882;SANTA CATALINA
140980889;TOSQUITA
140980896;VICUÑA MACKENNA
140982329;PASO DEL DURAZNO
140982553;CHUCUL
140982560;LA CAROLINA EL POTOSI
140982567;LAS ALBAHACAS
140982574;LAS PEÑAS SUD
140982581;MALENA
140982588;SUCO
140982595;VILLA EL CHACAY
140982602;WASHINGTON
141050000;ZONA RURAL
141050903;LA PARA
141050910;LA PUERTA
141050917;MONTE CRISTO
141050924;OBISPO TREJO
141050931;PIQUILLIN
141050938;RIO PRIMERO
141050945;SANTA ROSA DE RIO PRIMERO
141050952;VILLA FONTANA
141052609;ATAHONA
141052616;CAÑADA DE MACHADO
141052623;CAPILLA DE LOS REMEDIOS
141052630;CHALACEA
141052637;COLONIA LAS CUATRO ESQUINAS
141052644;COMECHINGONES
141052651;DIEGO DE ROJAS
141052658;EL CRISPIN
141052665;ESQUINA
141052672;KILOMETRO 658
141052679;LA POSTA
141052686;LA QUINTA
141052693;LAS GRAMILLAS
141052700;LAS SALADAS
141052707;MAQUINISTA GALLINI
141052714;PLAZA DE MERCEDES
141052721;SAGRADA FAMILIA
141120000;ZONA RURAL
141120959;SEBASTIAN ELCANO
141120966;VILLA DE MARIA
141122735;CERRO COLORADO
141122742;CHAÑAR VIEJO
141122749;EUFRACIO LOZA
141122756;GUTEMBERG
141122763;LA RINCONADA
141122770;LOS HOYOS
141122777;PUESTO DE CASTRO
141122784;RAYO CORTADO
141122791;SANTA ELENA
141122798;VILLA CANDELARIA NORTE
141190000;ZONA RURAL
141190973;CALCHIN
141190980;CALCHIN OESTE
141190987;CAPILLA DEL CARMEN
141190994;CARRILOBO
141191001;COLAZO
141191008;COSTASACATE
141191015;LAGUNA LARGA
141191022;LAS JUNTURAS
141191029;LUQUE
141191036;MANFREDI
141191043;MATORRALES
141191050;ONCATIVO
141191057;PILAR
141191064;POZO DEL MOLLE
141191071;RIO SEGUNDO
141191078;SANTIAGO TEMPLE
141191085;VILLA DEL ROSARIO
141192805;COLONIA VIDELA
141192812;IMPIRA
141192819;LOS CHAÑARITOS
141192826;RINCON
141260000;ZONA RURAL
141261092;MINA CLAVERO
141261099;NONO
141261106;SAN PEDRO
141261113;VILLA CURA BROCHERO
141261120;VILLA SARMIENTO (S. A.)
141262833;AMBUL
141262840;ARROYO LOS PATOS
141262847;LAS CALLES
141262854;LAS RABONAS
141262861;PANAHOLMA
141262868;SAN LORENZO
141262875;SAN VICENTE
141262882;SAUCE ARRIBA
141330000;ZONA RURAL
141331127;LA PAZ
141331134;SAN JAVIER Y YACANTO
141331141;SAN JOSE
141331148;VILLA DE LAS ROSAS
141331155;VILLA DOLORES
141332889;CONLARA
141332896;LA POBLACION
141332903;LAS TAPIAS
141332910;LOS CERRILLOS
141332917;LOS HORNILLOS
141332924;LUYABA
141400000;ZONA RURAL
141401162;ALICIA
141401169;ALTOS DE CHIPION
141401176;ARROYITO
141401183;BALNEARIA
141401190;BRINKMANN
141401197;COLONIA MARINA
141401204;COLONIA PROSPERIDAD
141401211;COLONIA SAN BARTOLOME
141401218;COLONIA VIGNAUD
141401225;DEVOTO
141401232;EL ARAÑADO
141401239;EL FORTIN
141401246;EL TIO
141401253;FREYRE
141401260;LA FRANCIA
141401267;LA PAQUITA
141401274;LA TORDILLA
141401281;LAS VARAS
141401288;LAS VARILLAS
141401295;MARULL
141401302;MIRAMAR
141401309;MORTEROS
141401316;PORTEÑA
141401323;QUEBRACHO HERRADO
141401330;SACANTA
141401337;SAN FRANCISCO
141401344;SATURNINO MARIA LASPIUR
141401351;SEEBER
141401358;TRANSITO
141401365;VILLA CONCEPCION DEL TIO
141402931;COLONIA ANITA
141402938;COLONIA ITURRASPE
141402945;COLONIA LAS PICHANAS
141402952;COLONIA SAN PEDRO
141402959;COLONIA VALTELINA
141402966;PLAZA LUXARDO
141402973;TORO PUJIO
141402980;VILLA SAN ESTEBAN
141470000;ZONA RURAL
141471372;ALTA GRACIA
141471379;DESPEÑADEROS
141471386;LOZADA
141471393;MALAGUEÑO
141471400;MONTE RALO
141471407;TOLEDO
141472987;ANISACATE
141472994;BOUWER
141473001;DIQUE CHICO
141473008;FALDA DEL CARMEN
141473022;LA PAISANITA
141473029;LA RANCHERITA
141473036;LA SERRANITA
141473043;LOS CEDROS
141473050;POTRERO DE GARAY
141473057;RAFAEL GARCIA
141473064;SAN CLEMENTE
141473071;VALLE DE ANISACATE
141473078;VILLA CIUDAD DE AMERICA
141473085;VILLA DEL PRADO
141473092;VILLA LA BOLSA
141473099;VILLA LOS AROMOS
141473106;VILLA PARQUE SANTA ANA
141473113;VILLA SAN ISIDRO
141540000;ZONA RURAL
141541414;SAN FRANCISCO DEL CHAÑAR
141543120;CAMINIAGA
141543127;CHUÑA HUASI
141543134;POZO NUEVO
141610000;ZONA RURAL
141611421;ALMAFUERTE
141611428;COLONIA ALMADA
141611435;CORRALITO
141611442;DALMACIO VELEZ
141611449;HERNANDO
141611456;JAMES CRAIK
141611463;LAS PERDICES
141611470;LOS ZORROS
141611477;OLIVA
141611484;PAMPAYASTA SUD
141611491;RIO TERCERO
141611498;TANCACHA
141611505;VILLA ASCASUBI
141613141;GENERAL FOTHERINGHAM
141613148;LAS ISLETILLAS
141613155;PAMPAYASTA NORTE
141613162;PUNTA DEL AGUA
141680000;ZONA RURAL
141681512;CAÑADA DE LUQUE
141681519;LAS PEÑAS
141681526;SARMIENTO
141681533;SINSACATE
141681540;VILLA DEL TOTORAL
141683169;CANDELARIA SUD
141683176;CAPILLA DEL SITON
141683183;LA PAMPA
141683190;LOS MISTOLES
141683197;SIMBOLAR
141750000;ZONA RURAL
141751547;LAS ARRIAS
141751554;LUCIO VICTORIO MANSILLA
141751561;SAN JOSE DE LA DORMIDA
141751568;SAN JOSE DE LAS SALINAS
141751575;SAN PEDRO NORTE
141751582;VILLA TULUMBA
141753204;CHURQUI CAÑADA
141753211;EL RODEO
141753218;ROSARIO DEL SALADILLO
141820000;ZONA RURAL
141821589;ALTO ALEGRE
141821596;BALLESTEROS
141821603;BALLESTEROS SUD
141821610;BELL VILLE
141821617;BENJAMIN GOULD
141821624;CANALS
141821631;CHILIBROSTE
141821638;CINTRA
141821645;COLONIA BISMARCK
141821652;IDIAZABAL
141821659;JUSTINIANO POSSE
141821666;LABORDE
141821673;MONTE LEÑA
141821680;MONTE MAIZ
141821687;MORRISON
141821694;NOETINGER
141821701;ORDOÑEZ
141821708;PASCANAS
141821715;PUEBLO ITALIANO
141821722;SAN ANTONIO DE LITIN
141821729;SAN MARCOS SUD
141821736;VIAMONTE
141821743;WENCESLAO ESCALANTE
141823225;ALDEA SANTA MARIA
141823232;ANA ZUMARAN
141823239;COLONIA BREMEN
141823246;VILLA LOS PATOS
180070007;BELLA VISTA
180140014;BERON DE ASTRADA
180210000;ZONA EN LITIGIO
180210021;CORRIENTES
180210028;RIACHUELO
180280035;COLONIA SANTA ROSA
180280042;CONCEPCION
180280049;TABAY
180280056;TATACUA
180350063;CURUZU CUATIA
180350070;PERUGORRIA
180420077;EMPEDRADO
180490084;ESQUINA
180490091;PUEBLO LIBERTADOR
180560098;ALVEAR
180560105;ESTACION TORRENT
180630112;CAA CATI
180630119;ITA IBATE
180630126;LOMAS DE VALLEJOS
180630133;PALMAR GRANDE
180700137;CAROLINA
180700140;GOYA
180770147;ITATI
180770154;RAMADA PASO
180840161;COLONIA LIEBIG S
180840168;ITUZAINGO
180840175;SAN ANTONIO
180840182;SAN CARLOS
180840186;VILLA OLIVARI
180910189;CRUZ DE LOS MILAGROS
180910196;GOBERNADOR MARTINEZ
180910203;LAVALLE
180910210;SANTA LUCIA
180910217;YATAYTI CALLE
180980224;MBURUCUYA
181050231;FELIPE YOFRE
181050238;MARIANO I LOZA
181050245;MERCEDES
181120252;COLONIA LIBERTAD
181120259;JUAN PUJOL
181120266;MOCORETA
181120273;MONTE CASEROS
181190280;BONPLAND
181190287;PARADA PUCHETA
181190294;PASO DE LOS LIBRES
181190301;TAPEBICUA
181260308;SALADAS
181260315;SAN LORENZO
181330322;PASO DE LA PATRIA
181330329;SAN COSME
181330336;SANTA ANA
181400343;HERLITZKA
181400350;SAN LUIS DEL PALMAR
181470357;COLONIA CARLOS PELLEGRINI
181470364;GUAVIRAVI
181470371;LA CRUZ
181470378;YAPEYU
181540385;LORETO
181540392;SAN MIGUEL
181610399;9 DE JULIO
181610406;PEDRO R. FERNANDEZ
181610413;CHAVARRIA
181610417;COLONIA PANDO
181610420;SAN ROQUE
181680427;GARRUCHOS
181680434;GOBERNADOR VIRASORO
181680441;JOSE RAFAEL GOMEZ
181680448;SANTO TOME
181750455;SAUCE
300080000;ZONA RURAL
300080007;COLON
300080014;SAN JOSE
300080021;UBAJAY
300080028;VILLA ELISA
300089005;ARROYO BARU
300089007;COLONIA SAN ANSELMO Y ALEDAÑAS
300089010;HAMBIS
300089015;HOCKER
300089020;LA CLARITA
300089025;PUEBLO CAZES
300089030;PUEBLO LIEBIG S
300150000;ZONA RURAL
300150035;COLONIA AYUI
300150042;CONCORDIA
300150049;ESTANCIA GRANDE
300150056;LA CRIOLLA
300150063;LOS CHARRUAS
300150070;PUERTO YERUA
300159035;CLODOMIRO LEDESMA
300159040;COLONIA GENERAL ROCA
300159045;EL REDOMON
300159050;ESTACION YERUA
300159060;NUEVA ESCOCIA
300159065;PEDERNAL
300159070;SAN JUSTO
300210000;ZONA RURAL
300210077;ALDEA VALLE MARIA
300210084;DIAMANTE
300210091;GENERAL RAMIREZ
300210098;VILLA LIBERTADOR SAN MARTIN
300219075;ALDEA BRASILERA
300219080;ALDEA GRAPSCHENTAL
300219085;ALDEA PROTESTANTE
300219090;ALDEA SALTO
300219095;ALDEA SPATZENKUTTER
300219100;COLONIA ENSAYO
300219105;COSTA GRANDE
300219110;ESTACION CAMPS
300219115;EL CARMEN - ESTACION RACEDO
300219120;GENERAL ALVEAR
300219125;ISLETAS
300219130;LAS CUEVAS
300280000;ZONA RURAL
300280105;CHAJARI
300280112;FEDERACION
300280115;LOS CONQUISTADORES
300280119;SAN JAIME DE LA FRONTERA
300280126;SANTA ANA
300280133;VILLA DEL ROSARIO
300289135;COLONIA ALEMANA
300289140;COLONIA LA ARGENTINA
300289143;COLONIA SANTA MARIA Y LAS MARGARITAS
300289150;GUALEGUAYCITO
300289155;LA FLORIDA
300289160;LA FRATERNIDAD Y SANTA JUANA
300289165;PARAJE GUAYAQUIL
300289175;SAN PEDRO
300289180;SAN RAMON
300289185;SAN ROQUE
300350000;ZONA RURAL
300350140;CONSCRIPTO BERNARDI
300350147;FEDERAL
300350154;SAUCE DE LUNA
300359190;ARROYO DEL MEDIO
300359192;ARROYO LAS TUNAS
300359193;BANDERAS
300359195;DISTRITO DIEGO LOPEZ
300359200;EL CIMARRON
300359205;EL GRAMIYAL
300359215;NUEVA VIZCAYA
300359220;PASO DUARTE
300359225;SANTA LUCIA
300420000;ZONA RURAL
300420161;SAN JOSE DE FELICIANO
300429230;DISTRITO CHAÑAR
300429235;LA ESMERALDA
300429240;LA HIERRA
300429245;LA VERBENA
300429250;LAGUNA BENITEZ
300429260;MULAS GRANDES
300429265;SAN VICTOR
300490000;ZONA RURAL
300490168;GENERAL GALARZA
300490175;GUALEGUAY
300499270;ALDEA ASUNCION
300499280;DISTRITO PRIMERO
300499290;DISTRITO SEXTO COSTA DE NOGOYA
300499295;ESTACION LAZO
300499302;ISLAS LAS LECHIGUANAS
300560000;ZONA RURAL
300560182;ALDEA SAN ANTONIO
300560184;ENRIQUE CARBO
300560185;GILBERT
300560189;GUALEGUAYCHU
300560196;LARROQUE
300560199;PUEBLO GENERAL BELGRANO
300560203;URDINARRAIN
300569320;ALDEA SAN JUAN
300569330;COSTA URUGUAY NORTE
300569340;CUCHILLA REDONDA
300569345;DISTRITO TALITAS
300569355;ESTACION ESCRIÑA
300569360;FAUSTINO M.  PARERA
300569365;GENERAL ALMADA
300569370;IRAZUSTA
300569375;LAS MERCEDES
300569380;PASTOR BRITOS
300569395;RINCON DEL CINTO
300569400;RINCON DEL GATO
300630000;ZONA RURAL
300630210;CEIBAS
300630217;IBICUY
300630224;VILLA PARANACITO
300639405;MEDANOS
300700000;ZONA RURAL
300700231;ALCARAZ
300700238;BOVRIL
300700245;LA PAZ
300700252;PIEDRAS BLANCAS
300700259;SANTA ELENA
300709415;ALCARAZ NORTE
300709420;ALCARAZ SUR
300709425;COLONIA AVIGDOR
300709430;COLONIA CARRASCO
300709440;COLONIA OFICIAL Nº 3 Y 14
300709445;COLONIA VIRARO
300709450;EL QUEBRACHO
300709455;EL SOLAR
300709460;ESTAQUITAS
300709465;LA PROVIDENCIA
300709475;OMBU
300709480;PICADA BERON
300709485;PUERTO ALGARROBO
300709490;SAN GUSTAVO
300709495;SAN RAMIREZ
300709497;SAUCECITO
300709500;SIR LEONARD
300709505;YACARE
300709510;YESO OESTE
300770000;ZONA RURAL
300770266;ARANGUREN
300770273;HERNANDEZ
300770280;LUCAS GONZALEZ
300770287;NOGOYA
300779515;ALDEA SAN MIGUEL
300779520;BETBEDER
300779525;CRUCESITAS OCTAVA
300779540;DISTRITO CHIQUEROS
300779545;DON CRISTOBAL PRIMERO
300779550;DON CRISTOBAL SEGUNDO
300779555;FEBRE
300779560;JUSTO JOSE DE URQUIZA
300779565;LAURENCENA
300779570;XX DE SETIEMBRE
300840000;ZONA RURAL
300840294;CERRITO
300840297;COLONIA AVELLANEDA
300840301;CRESPO
300840308;HASENKAMP
300840315;HERNANDARIAS
300840322;MARIA GRANDE
300840329;ORO VERDE
300840336;PARANA
300840343;SAN BENITO
300840350;SEGUI
300840357;TABOSSI
300840364;VIALE
300840371;VILLA URQUIZA
300849575;ALDEA EIGENFELD
300849580;ALDEA MARIA LUISA
300849585;ALDEA SAN ANTONIO
300849590;ALDEA SAN RAFAEL
300849595;ALDEA SANTA MARIA
300849605;ANTONIO TOMAS
300849610;ARROYO BURGOS
300849620;ARROYO MATURRANGO
300849625;ARROYO PALO SECO
300849635;COLONIA CELINA
300849645;COLONIA CRESPO
300849650;COLONIA MEROU
300849660;CURTIEMBRE
300849670;DISTRITO TALA
300849675;EL PALENQUE
300849680;EL PINGO
300849685;ESPINILLO NORTE
300849690;LA PICADA
300849695;LAS GARZAS
300849700;LAS TUNAS
300849705;MARIA GRANDE 2º
300849710;PASO DE LA ARENA
300849715;PASO DE LAS PIEDRAS
300849720;PUEBLO BRUGO
300849730;QUEBRACHO
300849735;SANTA LUISA
300849740;SAUCE MONTRULL
300849745;SAUCE PINTO
300849750;SOSA
300849755;TEZANOS PINTO
300849760;VILLA FONTANA
300849765;VILLA GOBERNADOR ETCHEVEHERE
300880000;ZONA RURAL
300880378;GENERAL CAMPOS
300880385;SAN SALVADOR
300889770;COLONIA BAYLINA
300889775;COLONIA OFICIAL Nº5
300889780;SAN ERNESTO
300889785;WALTER MOSS
300910000;ZONA RURAL
300910392;GOBERNADOR MANSILLA
300910399;MACIA
300910406;ROSARIO DEL TALA
300919790;ALTAMIRANO SUR
300919795;ARROYO CLE
300919800;DURAZNO
300919805;SOLA
300919810;GOBERNADOR ECHAGUE
300919815;GUARDAMONTE
300919820;LA OLLITA
300919825;LAS GUACHAS
300980000;ZONA RURAL
300980413;BASAVILBASO
300980420;CASEROS
300980423;COLONIA ELIA
300980427;CONCEPCION DEL URUGUAY
300980434;HERRERA
300980437;1º DE MAYO
300980441;PRONUNCIAMIENTO
300980448;SAN JUSTO
300980455;SANTA ANITA
300980462;VILLA MANTERO
300989832;ARROYO GENA
300989840;ESTACION LIBAROS
300989845;LAS MOSCAS
300989855;ROCAMORA
300989860;SAN CIPRIANO
300989865;SAN MARCIAL
300989872;TALA
301050000;ZONA RURAL
301050469;VICTORIA
301059875;ANTELO
301059880;CHILCAS
301059885;DISTRITO PAJONAL
301059890;HINOJAL
301059895;LAGUNA DEL PESCADO
301059900;MOLINO DOLL
301059910;RINCON DE NOGOYA
301059915;RINCON DEL DOLL
301130000;ZONA RURAL
301130476;VILLA CLARA
301130483;VILLA DOMINGUEZ
301130490;VILLAGUAY
301139917;COLONIA ADIVINO
301139920;ESTACION RAICES
301139925;INGENIERO SAJAROFF
301139930;JUBILEO
301139935;LUCAS NORTE
301139940;LUCAS SUR PRIMERO
301139945;LUCAS SUR SEGUNDO
301139950;MOJONES NORTE
301139955;MOJONES SUR
301139957;PARAJE LOS ALGARROBOS
301139960;PASO DE LA LAGUNA
301139965;RAICES OESTE
340070000;ZONA RURAL
340070007;LAGUNA YEMA
340075007;LOS CHIRIGUANOS
340075035;POZO DE MAZA
340079007;POZO DEL MORTERO
340140000;ZONA RURAL
340140028;FORMOSA
340145014;COLONIA PASTORIL
340145021;GRAN GUARDIA
340145028;SAN HILARIO
340149014;MARIANO BOEDO
340149021;MOJON DE FIERRO
340149028;VILLA DEL CARMEN
340210000;ZONA RURAL
340210049;GRL. LUCIO VICTORIO MANSILLA
340210056;HERRADURA
340210063;MISION SAN FRANCISCO DE LAISHI
340210070;VILLA ESCOLAR
340219035;BANCO PAYAGUA
340219042;TATANE
340280000;ZONA RURAL
340280077;INGENIERO GUILLERMO N. JUAREZ
340350000;ZONA RURAL
340350091;COMANDANTE FONTANA
340350098;ESTANISLAO DEL CAMPO
340350112;GENERAL BELGRANO
340350119;VILLA GENERAL GUEMES
340350126;IBARRETA
340350133;LAS LOMITAS
340350140;POZO DEL TIGRE
340350147;SAN MARTIN DOS
340355042;FORTIN CABO 1º  LUGONES
340355049;SUBTENIENTE PERIN
340359049;BARTOLOME DE LAS CASAS
340359056;COLONIA SARMIENTO
340359063;EL RECREO
340359070;FORTIN SARGENTO 1º LEYES
340359077;JUAN G. BAZAN
340359084;POSTA CAMBIO ZALAZAR
340359091;SAN MARTIN I
340420000;ZONA RURAL
340420168;EL ESPINILLO
340420175;MISION TACAAGLE
340425056;BUENA VISTA
340425063;TRES LAGUNAS
340429098;LAGUNA GALLO
340429105;PORTON NEGRO
340490000;ZONA RURAL
340490189;CLORINDA
340490196;LAGUNA BLANCA
340490203;LAGUNA NAICK NECK
340490210;RIACHO HE-HE
340495070;SIETE PALMAS
340499112;PALMA SOLA
340499119;RIACHO NEGRO
340560000;ZONA RURAL
340560224;EL COLORADO
340560231;MAYOR VICENTE E. VILLAFAÑE
340560238;PALO SANTO
340560245;PIRANE
340560252;VILLA DOS TRECE
340630000;ZONA RURAL
340630259;GENERAL MOSCONI
340639126;EL POTRILLO
380070014;ABRA PAMPA
380076007;ABDON CASTRO TOLAY
380076014;ABRALAITE
380076021;PUESTO DEL MARQUEZ
380140056;EL CARMEN
380140063;MONTERRICO
380140077;PERICO
380146035;AGUAS CALIENTES
380146042;PAMPA BLANCA
380146049;PUESTO VIEJO
380210035;SAN SALVADOR DE JUJUY
380216028;YALA
380280091;EL AGUILAR
380280105;HUMAHUACA
380286056;HIPOLITO YRIGOYEN
380286063;TRES CRUCES
380350119;CAIMANCITO
380350126;CALILEGUA
380350133;FRAILE PINTADO
380350134;FRAILE PINTADO
380350140;LIBERTADOR GENERAL SAN MARTIN
380350147;YUTO
380420154;PALPALA
380496070;MINA PIRQUITAS
380496077;RINCONADA
380496140;CUSI CUSI
380566084;SAN ANTONIO
380630196;LA ESPERANZA
380630203;LA MENDIETA
380630224;SAN PEDRO DE JUJUY
380636091;ARRAYANAL
380636105;RODEITO
380636112;ROSARIO DE RIO GRANDE
380700238;EL TALAR
380700245;PALMA SOLA
380700252;SANTA CLARA
380706098;EL FUERTE
380706119;EL PIQUETE
380706126;VINALITO
380776133;CIENEGUILLAS
380776140;CUSI CUSI
380776147;SANTA CATALINA
380846154;CATUA
380846161;SUSQUES
380846168;CORANZULI
380940329;TILCARA
380946175;HUACALERA
380946182;MAIMARA
380986189;PURMAMARCA
380986196;TUMBAYA
380986203;VOLCAN
381056210;CASPALA
381056217;PAMPICHUELA
381056224;SAN FRANCISCO
381056231;SANTA ANA
381056238;VALLE GRANDE
381120406;LA QUIACA
381126245;BARRIOS
381126252;CANGREJILLOS
381126259;EL CONDOR
381126266;PUMAHUASI
381126273;YAVI
420070042;ATALIVA ROCA
420070112;DOBLAS
420070231;MACACHIN
420070259;MIGUEL RIGLOS
420070322;ROLON
420070364;TOMAS M ANCHORENA
420140056;BERNASCONI
420140154;GENERAL SAN MARTIN
420140182;JACINTO ARAUZ
420140189;LA ADELA
420210028;ANGUIL
420210238;MAURICIO MAYER
420210336;SANTA ROSA
420210413;WINIFREDA
420280077;CATRILO
420280217;LONQUIMAY
420280259;MIGUEL RIGLOS
420280364;TOMAS M ANCHORENA
420280378;URIBURU
420350091;COLONIA BARON
420350098;CONHELO
420350119;EDUARDO CASTEX
420350210;LA MARUJA
420350224;LUAN TORO
420350238;MAURICIO MAYER
420350245;METILEO
420350266;MONTE NIEVAS
420350406;VILLA MIRASOL
420350413;WINIFREDA
420355133;RUCANELO
420420280;PUELCHES
420420385;COLONIA 25 DE MAYO
420422007;CASA DE PIEDRA
420425070;GOBERNADOR DUVAL
420490329;SANTA ISABEL
420490399;VICTORICA
420560049;BERNARDO LARROUDE
420560084;CEBALLOS
420560105;CORONEL HILARIO LAGOS
420560147;GENERAL PICO
420560175;INTENDENTE ALVEAR
420560392;VERTIZ
420565140;SARAH
420630196;LA HUMADA
420635021;ALGARROBO DEL AGUILA
420700014;ALPACHIRI
420700112;DOBLAS
420700140;GENERAL CAMPOS
420700161;GUATRACHE
420700322;ROLON
420700343;COLONIA SANTA TERESA
420705028;COLONIA SANTA MARIA
420705105;PERU
420770007;ABRAMO
420770056;BERNASCONI
420770154;GENERAL SAN MARTIN
420770182;JACINTO ARAUZ
420775105;PERU
420775154;UNANUE
420840189;LA ADELA
420840280;PUELCHES
420845042;CUCHILLO CO
420845070;GOBERNADOR DUVAL
420840133;GENERAL ACHA
420915077;LA REFORMA
420915084;LIMAY MAHUIDA
420980070;CARRO QUEMADO
420980224;LUAN TORO
420980350;TELEN
420980399;VICTORICA
420985091;LOVENTUE
421050147;GENERAL PICO
421050245;METILEO
421050301;QUEMU QUEMU
421050392;VERTIZ
421055014;AGUSTONI
421055056;DORILA
421055147;SPELUZZI
421120287;PUELEN
421120385;COLONIA 25 DE MAYO
421122007;CASA DE PIEDRA
421190077;CATRILO
421190091;COLONIA BARON
421190217;LONQUIMAY
421190245;METILEO
421190252;MIGUEL CANE
421190301;QUEMU QUEMU
421190378;URIBURU
421190406;VILLA MIRASOL
421195126;RELMO
421260063;CALEUFU
421260168;INGENIERO LUIGGI
421260210;LA MARUJA
421260273;PARERA
421260308;RANCUL
421265112;PICHI HUINCA
421265119;QUETREQUEN
421330021;ALTA ITALIA
421330126;EMBAJADOR MARTINI
421330168;INGENIERO LUIGGI
421330273;PARERA
421330315;REALICO
421330392;VERTIZ
421335007;ADOLFO VAN PRAET
421335063;FALUCHO
421335098;MAISONAVE
421400042;ATALIVA ROCA
421400070;CARRO QUEMADO
421400224;LUAN TORO
421400336;SANTA ROSA
421400357;TOAY
421400413;WINIFREDA
421470021;ALTA ITALIA
421470035;ARATA
421470063;CALEUFU
421470119;EDUARDO CASTEX
421470126;EMBAJADOR MARTINI
421470168;INGENIERO LUIGGI
421470245;METILEO
421470266;MONTE NIEVAS
421470371;TRENEL
421470392;VERTIZ
421475147;SPELUZZI
421540042;ATALIVA ROCA
421540133;GENERAL ACHA
421540294;QUEHUE
421545028;COLONIA SANTA MARIA
421545049;CHACHARRAMENDI
421545154;UNANUE
460070007;ARAUCO
460140014;CAPITAL
460210021;CASTRO BARROS
460280028;CORONEL FELIPE VARELA
460350035;CHAMICAL
460420042;CHILECITO
460490049;FAMATINA
460560056;GENERAL ANGEL V PEÑALOZA
460630063;GENERAL BELGRANO
460700070;GENERAL JUAN F QUIROGA
460770077;GENERAL LAMADRID
460840084;GENERAL OCAMPO
460910091;GENERAL SAN MARTIN
460980098;VINCHINA
461050105;INDEPENDENCIA
461120112;ROSARIO VERA PEÑALOZA
461190119;SAN BLAS DE LOS SAUCES
461260126;SANAGASTA
500070007;CAPITAL
500140014;GENERAL ALVEAR
500210021;GODOY CRUZ
500280028;GUAYMALLEN
500350035;JUNIN
500420042;LA PAZ
500490049;LAS HERAS
500560056;LAVALLE
500630063;LUJAN DE CUYO
500700070;MAIPU
500770077;MALARGUE
500840084;RIVADAVIA
500910091;SAN CARLOS
500980098;SAN MARTIN
501050105;SAN RAFAEL
501120112;SANTA ROSA
501190119;TUNUYAN
501260126;TUPUNGATO
540070007;APOSTOLES
540070014;AZARA
540070021;SAN JOSE
540070028;TRES CAPONES
540140035;ARISTOBULO DEL VALLE
540140042;CAMPO GRANDE
540140049;DOS DE MAYO
540210056;BONPLAND
540210063;CANDELARIA
540210070;CERRO CORA
540210077;LORETO
540210084;MARTIRES
540210091;PROFUNDIDAD
540210098;SANTA ANA
540280105;FACHINAL
540280112;GARUPA
540280119;POSADAS
540350126;CONCEPCION DE LA SIERRA
540350133;SANTA MARIA
540420140;COLONIA DELICIA
540420147;COLONIA VICTORIA
540420154;ELDORADO
540420161;9 DE JULIO
540420168;SANTIAGO DE LINIERS
540490175;BERNARDO DE IRIGOYEN
540490182;ANDRESITO
540490189;SAN ANTONIO
540560196;EL SOBERBIO
540560203;SAN VICENTE
540630210;PUERTO ESPERANZA
540630217;PUERTO IGUAZU
540630224;PUERTO LIBERTAD
540630231;WANDA
540700238;ALMAFUERTE
540700245;ARROYO DEL MEDIO
540700252;CAA YARI
540700259;CERRO AZUL
540700266;DOS ARROYOS
540700273;GOBERNADOR LOPEZ
540700280;LEANDRO N. ALEM
540700287;OLEGARIO VICTOR ANDRADE
540770294;CAPIOVI
540770301;EL ALCAZAR
540770308;GARUHAPE
540770315;PUERTO LEONI
540770322;PUERTO RICO
540770329;RUIZ DE MONTOYA
540840336;CARAGUATAY
540840343;MONTECARLO
540840350;PUERTO PIRAY
540910357;CAMPO RAMON
540910364;CAMPO VIERA
540910371;COLONIA ALBERDI
540910378;GENERAL ALVEAR
540910385;GUARANI
540910392;LOS HELECHOS
540910399;OBERA
540910406;PANAMBI
540910413;SAN MARTIN
540980420;COLONIA POLANA
540980427;CORPUS
540980434;GENERAL URQUIZA
540980441;GOBERNADOR ROCA
540980448;HIPOLITO YRIGOYEN
540980455;JARDIN AMERICA
540980462;SAN IGNACIO
540980469;SANTO PIPO
541050476;FLORENTINO AMEGHINO
541050483;ITACARUARE
541050490;MOJON GRANDE
541050497;SAN JAVIER
541120504;SAN PEDRO
541190511;ALBA POSSE
541190518;COLONIA AURORA
541190525;25 DE MAYO
580070000;ZONA RURAL
580070007;ALUMINE
580070252;VILLA PEHUENIA
580140000;ZONA RURAL
580140014;AÑELO
580140021;SAN PATRICIO DEL CHAÑAR
580145014;AGUADA SAN ROQUE
580145021;LOS CHIHUIDOS
580210000;ZONA RURAL
580210028;LAS COLORADAS
580215028;PILO LIL
580215154;VILLA PUENTE PICUN LEUFU
580280000;ZONA RURAL
580280035;PIEDRA DEL AGUILA
580285035;SANTO TOMAS
580350000;ZONA RURAL
580350042;CENTENARIO
580350049;CUTRAL CO
580350056;NEUQUEN
580350063;PLAZA HUINCUL
580350070;PLOTTIER
580350077;SENILLOSA
580350084;VILLA EL CHOCON
580350091;VISTA ALEGRE
580355042;SAUZAL BONITO
580420000;ZONA RURAL
580420098;CHOS MALAL
580420105;TRICAO MALAL
580425049;COYUCO COCHICO
580425056;VILLA CURI LEUVU
580490000;ZONA RURAL
580490112;JUNIN DE LOS ANDES
580560000;ZONA RURAL
580560119;SAN MARTIN DE LOS ANDES
580630000;ZONA RURAL
580630126;LONCOPUE
580635063;CHORRIACA
580700000;ZONA RURAL
580700133;VILLA LA ANGOSTURA
580705070;VILLA TRAFUL
580770000;ZONA RURAL
580770140;ANDACOLLO
580770147;HUINGANCO
580770154;LAS OVEJAS
580770161;LOS MICHES
580775077;GUAÑACOS
580775084;MANZANO AMARGO
580775091;VARVARCO - INVERNADA VIEJA
580775098;VILLA DEL NAHUEVE
580840000;ZONA RURAL
580840168;CAVIAHUE - COPAHUE
580840175;EL CHOLAR
580840182;EL HUECU
580840189;TAQUIMILAN
580910000;ZONA RURAL
580910196;BARRANCAS
580910203;BUTA RANQUIL
580910210;RINCON DE LOS SAUCES
580915105;OCTAVIO PICO
580980000;ZONA RURAL
580980217;PICUN LEUFU
580985112;EL SAUCE
580985119;PASO AGUERRE
581050000;ZONA RURAL
581050224;BAJADA DEL AGRIO
581050231;LAS LAJAS
581055126;QUILI MALAL
581120000;ZONA RURAL
581120238;MARIANO MORENO
581120245;ZAPALA
581125133;COVUNCO ABAJO
581125140;LOS CATUTOS
581125147;RAMON M CASTRO
581125154;VILLA PUENTE PICUN LEUFU
620070000;ZONA RURAL
620070007;GUARDIA MITRE
620070014;VIEDMA
620075014;SAN JAVIER
620140000;ZONA RURAL
620140021;CHIMPAY
620140028;CHOELE CHOEL
620140035;CORONEL BELISLE
620140042;DARWIN
620140049;LAMARQUE
620140056;LUIS BELTRAN
620140063;POMONA
620145084;CHELFORO
620210000;ZONA RURAL
620210070;EL BOLSON
620210077;SAN CARLOS DE BARILOCHE
620215028;EL MANSO
620215049;VILLA MASCARDI
620280000;ZONA RURAL
620280084;GENERAL CONESA
620350000;ZONA RURAL
620350133;CIPOLLETTI
620350161;GENERAL ROCA
620355056;EL CUY
620355063;CERRO POLICIA
620355070;MENCUE
620355077;AGUADA GUZMAN
620355098;NAUPA HUEN
620355112;VALLE AZUL
620420000;ZONA RURAL
620420091;ALLEN
620420098;CAMPO GRANDE
620420105;CATRIEL
620420112;CERVANTES
620420119;CHICHINALES
620420126;CINCO SALTOS
620420133;CIPOLLETTI
620420140;CONTRALMIRANTE CORDERO
620420147;GENERAL ENRIQUE GODOY
620420154;GENERAL FERNANDEZ ORO
620420161;GENERAL ROCA
620420168;INGENIERO HUERGO
620420175;MAINQUE
620420182;VILLA REGINA
620425105;PEÑAS BLANCAS
620490000;ZONA RURAL
620490189;MINISTRO RAMOS MEXIA
620490196;SIERRA COLORADA
620495119;RINCON TRENETA
620495126;YAMINUE
620495161;CONA NIYEU
620495210;COMICO
620495259;PRAHUANIYEU
620560000;ZONA RURAL
620560203;ÑORQUINCO
620560224;PILCANIYEU
620565238;MAMUEL CHOIQUE
620565245;OJOS DE AGUA
620565266;RIO CHICO
620630000;ZONA RURAL
620630210;RIO COLORADO
620635133;PICHI MAHUIDA
620700000;ZONA RURAL
620700217;COMALLO
620700224;PILCANIYEU
620700273;DINA HUAPI
620705042;VILLA LLANQUIN
620705140;PILQUINIYEU DEL LIMAY
620705231;LAGUNA BLANCA
620770231;SAN ANTONIO OESTE
620770238;SIERRA GRANDE
620840000;ZONA RURAL
620840245;VALCHETA
620845147;ARROYO LOS BERROS
620845154;ARROYO VENTANA
620845168;AGUADA CECILIO
620845182;NAHUEL NIYEU
620845189;SIERRA PAILEMAN
620910000;ZONA RURAL
620910252;INGENIERO JACOBACCI
620910259;LOS MENUCOS
620910266;MAQUINCHAO
620915196;AGUADA DE GUERRA
620915203;COLAN CONUE
620915217;CLEMENTE ONELLI
620915224;EL CAIN
620915252;PILQUINIYEU
660070007;APOLINARIO SARAVIA
660070014;EL QUEBRACHAL
660070021;GENERAL PIZARRO
660070028;JOAQUIN V GONZALEZ
660070035;LAS LAJITAS
660140042;CACHI
660140049;PAYOGASTA
660210056;CAFAYATE
660280063;SALTA
660280070;SAN LORENZO
660350077;CERRILLOS
660350084;LA MERCED
660420091;CHICOANA
660420098;EL CARRIL
660490105;CAMPO SANTO
660490112;EL BORDO
660490119;GENERAL GUEMES
660560126;AGUARAY
660560133;EMBARCACION
660560140;GENERAL BALLIVIAN
660560147;GENERAL MOSCONI
660560154;PROFESOR SALVADOR MAZZA
660560161;TARTAGAL
660630168;GUACHIPAS
660700175;IRUYA
660700182;ISLA DE CAÑAS
660770189;LA CALDERA
660770196;VAQUEROS
660840203;EL JARDIN
660840210;EL TALA
660840217;LA CANDELARIA
660910224;LA POMA
660980231;CORONEL MOLDES
660980238;LA VIÑA
661050245;SAN ANTONIO DE LOS COBRES
661050252;TOLAR GRANDE
661120259;EL GALPON
661120266;METAN
661120280;RIO PIEDRAS
661190273;MOLINOS
661190287;SECLANTAS
661260294;COLONIA SANTA ROSA
661260301;HIPOLITO YRIGOYEN
661260308;PICHANAL
661260315;SAN RAMON DE LA NUEVA ORAN
661260322;URUNDEL
661330329;RIVADAVIA BANDA NORTE
661330336;RIVADAVIA BANDA SUR
661330343;SANTA VICTORIA ESTE
661400350;EL POTRERO
661400357;ROSARIO DE LA FRONTERA
661470364;CAMPO QUIJANO
661470371;ROSARIO DE LERMA
661540378;ANGASTACO
661540385;ANIMANA
661540392;SAN CARLOS
661610399;LOS TOLDOS
661610406;NAZARENO
661610413;SANTA VICTORIA OESTE
700070007;ALBARDON
700140014;ANGACO
700210021;CALINGASTA
700280028;SAN JUAN
700350035;CAUCETE
700420042;CHIMBAS
700490049;IGLESIA
700560056;JACHAL
700630063;9 DE JULIO
700700070;POCITO
700770077;RAWSON
700840084;RIVADAVIA
700910091;SAN MARTIN
700980098;SANTA LUCIA
701050105;SARMIENTO
701120112;ULLUM
701190119;VALLE FERTIL
701260126;25 DE MAYO
701330133;ZONDA
740070000;ZONA RURAL
740070007;CANDELARIA
740070014;LUJAN
740070021;QUINES
740070028;SAN FRANCISCO DEL MONTE DE ORO
740076007;LEANDRO N ALEM
740140000;ZONA RURAL
740140035;VILLA GENERAL ROCA
740146014;LA CALERA
740146021;NOGOLI
740146028;VILLA DE LA QUEBRADA
740210000;ZONA RURAL
740210038;ESTANCIA GRANDE
740210042;LA TOMA
740216035;CAROLINA
740216042;EL TRAPICHE
740216049;FRAGA
740216056;VILLA LA FLORIDA
740216063;SALADILLO
740280000;ZONA RURAL
740280049;CONCARAN
740280056;NASCHEL
740280063;TILISARAO
740286070;CORTADERAS
740286077;PAPAGAYOS
740286084;RENCA
740286091;SAN PABLO
740286098;VILLA DEL CARMEN
740286105;VILLA LARCA
740350000;ZONA RURAL
740350070;JUSTO DARACT
740350073;NACION RANQUEL
740350077;VILLA MERCEDES
740356112;SAN JOSE DEL MORRO
740356119;JUAN JORBA
740356126;JUAN LLERENA
740356133;LA PUNILLA
740356140;LAVAISSE
740420000;ZONA RURAL
740420084;BUENA ESPERANZA
740420091;UNION
740426147;ANCHORENA
740426154;ARIZONA
740426161;BAGUAL
740426168;BATAVIA
740426175;FORTIN EL PATRIA
740426182;FORTUNA
740426189;NAVIA
740426196;NUEVA GALIA
740490000;ZONA RURAL
740490098;SANTA ROSA DEL CONLARA
740490105;VILLA DE MERLO
740496203;CARPINTERIA
740496210;LAFINUR
740496217;LOS MOLLES
740496224;TALITA
740560000;ZONA RURAL
740560108;DESAGUADERO
740560119;JUANA KOSLAY
740560133;SAN LUIS
740566231;ALTO PELADO
740566238;ALTO PENCOSO
740566245;BALDE
740566252;BEAZLEY
740566259;EL VOLCAN
740566266;POTRERO DE LOS FUNES
740566273;SAN JERONIMO
740566280;ZANJITAS
740569007;LA PUNTA
740630000;ZONA RURAL
740630140;SAN MARTIN
740636287;LA VERTIENTE
740636294;LAS AGUADAS
740636301;LAS CHACRAS
740636308;LAS LAGUNAS
740636315;PASO GRANDE
740636322;VILLA DE PRAGA
780070000;ZONA RURAL
780070007;COMANDANTE LUIS PIEDRA BUENA
780070014;PUERTO SANTA CRUZ
780140000;ZONA RURAL
780140021;CALETA OLIVIA
780140028;LAS HERAS
780140035;PICO TRUNCADO
780140042;PUERTO DESEADO
780145007;CAÑADON SECO
780145014;JARAMILLO
780145021;KOLUEL KAIKE
780149007;FITZ ROY
780149014;TELLIER
780210000;ZONA RURAL
780210049;RIO GALLEGOS
780210056;RIO TURBIO
780210063;28 DE NOVIEMBRE
780219021;EL TURBIO
780219028;JULIA DUFOUR
780219035;MINA 3
780219042;ROSPENTEK
780280000;ZONA RURAL
780280070;EL CALAFATE
780285028;EL CHALTEN
780285035;TRES LAGOS
780350000;ZONA RURAL
780350077;LOS ANTIGUOS
780350084;PERITO MORENO
780420000;ZONA RURAL
780420091;PUERTO SAN JULIAN
780490000;ZONA RURAL
780490098;GOBERNADOR GREGORES
780495042;HIPOLITO YRIGOYEN
780499049;BAJO CARACOLES
820070007;ARMSTRONG
820070014;LAS PAREJAS
820070021;LAS ROSAS
820072007;BOUQUET
820072014;MONTES DE OCA
820072021;TORTUGAS
820140028;CASILDA
820142028;AREQUITO
820142035;ARTEAGA
820142042;BERABEVU
820142049;BIGAND
820142056;CHABAS
820142063;CHAÑAR LADEADO
820142070;GODEKEN
820142077;LOS MOLINOS
820142084;LOS QUIRQUINCHOS
820142091;SAN JOSE DE LA ESQUINA
820142098;SANFORD
820142105;VILLADA
820142595;CAÑADA DEL UCLE
820210035;FRONTERA
820210042;RAFAELA
820210049;SUNCHALES
820212112;ANGELICA
820212119;ATALIVA
820212126;AURELIA
820212133;BAUER Y SIGEL
820212140;BELLA ITALIA
820212147;COLONIA ALDAO
820212154;COLONIA BICHA
820212161;COLONIA BIGAND
820212168;CASTELLANOS
820212175;COLONIA CELLO
820212182;COLONIA ITURRASPE
820212189;COLONIA MARGARITA
820212196;COLONIA RAQUEL
820212203;CORONEL FRAGA
820212210;EGUSQUIZA
820212217;ESMERALDA
820212224;ESTACION CLUCELLAS
820212231;EUSEBIA Y CAROLINA
820212238;EUSTOLIA
820212245;FIDELA
820212252;GALISTEO
820212259;GARIBALDI
820212266;HUGENTOBLER
820212273;HUMBERTO PRIMO
820212280;JOSEFINA
820212287;LEHMANN
820212294;MARIA JUANA
820212301;MAUA
820212308;PLAZA CLUCELLAS
820212315;PRESIDENTE ROCA
820212322;PUEBLO MARINI
820212329;RAMONA
820212336;SAGUIER
820212343;SAN ANTONIO
820212350;SAN VICENTE
820212357;SANTA CLARA DE SAGUIER
820212364;SUSANA
820212371;TACURAL
820212378;TACURALES
820212385;VILA
820212392;VILLA SAN JOSE
820212399;VIRGINIA
820212406;ZENON PEREYRA
820280056;VILLA CONSTITUCION
820280063;FIRMAT
820282413;ALCORTA
820282420;BOMBAL
820282427;CAÑADA RICA
820282434;CEPEDA
820282441;EMPALME VILLA CONSTITUCION
820282448;GENERAL GELLY
820282455;GODOY
820282462;JUAN B. MOLINA
820282469;JUNCAL
820282476;LA VANGUARDIA
820282483;MAXIMO PAZ
820282490;PAVON
820282497;PAVON ARRIBA
820282504;PEYRANO
820282511;RUEDA
820282518;SANTA TERESA
820282525;SARGENTO CABRAL
820282532;THEOBALD
820352539;CAYASTA
820352546;COLONIA MASCIAS
820352553;HELVECIA
820352560;SALADERO MARIANO CABAL
820352567;SANTA ROSA DE CALCHINES
820420063;FIRMAT
820420070;RUFINO
820420077;VENADO TUERTO
820420084;VILLA CAÑAS
820422070;GODEKEN
820422574;AARON CASTELLANOS
820422581;AMENABAR
820422588;CAFERATA
820422595;CAÑADA DEL UCLE
820422602;CARMEN
820422609;CARRERAS
820422616;CHAPUY
820422623;CHOVET
820422630;CHRISTOPHERSEN
820422637;DIEGO DE ALVEAR
820422644;ELORTONDO
820422651;HUGHES
820422658;LA CHISPA
820422665;LABORDEBOY
820422672;LAZZARINO
820422679;MAGGIOLO
820422686;MARIA TERESA
820422693;MELINCUE
820422700;MIGUEL TORRES
820422707;MURPHY
820422714;SAN EDUARDO
820422721;SAN FRANCISCO DE SANTA FE
820422728;SAN GREGORIO
820422735;SANCTI SPIRITU
820422742;SANTA ISABEL
820422749;TEODELINA
820422756;WHEELWRIGHT
820490091;AVELLANEDA
820490098;LAS TOSCAS
820490105;MALABRIGO
820490112;RECONQUISTA
820490119;VILLA OCAMPO
820492763;ARROYO CEIBAL
820492770;BERNA
820492777;EL ARAZA
820492784;EL RABON
820492791;EL SOMBRERITO
820492798;FLORENCIA
820492805;GUADALUPE NORTE
820492812;INGENIERO CHANOURDIE
820492819;LA SARITA
820492826;LANTERI
820492833;LAS GARZAS
820492840;LOS LAURELES
820492847;NICANOR MOLINAS
820492854;SAN ANTONIO DE OBLIGADO
820492861;TACUARENDI
820492868;VILLA ANA
820492875;VILLA GUILLERMINA
820560126;CAÑADA DE GOMEZ
820560133;TOTORAS
820562882;BUSTINZA
820562889;CARRIZALES
820562896;CLASSON
820562903;CORREA
820562910;LUCIO V. LOPEZ
820562917;OLIVEROS
820562924;PUEBLO ANDINO
820562931;SALTO GRANDE
820562938;SERODINO
820562945;VILLA ELOISA
820630140;LAGUNA PAIVA
820630147;SANTA FE
820630154;SANTO TOME
820632952;ARROYO AGUIAR
820632959;ARROYO LEYES
820632966;CABAL
820632973;CAMPO ANDINO
820632980;CANDIOTI
820632987;EMILIA
820632994;LLAMBI CAMPBELL
820633001;MONTE VERA
820633008;NELSON
820633015;RECREO
820633022;SAN JOSE DEL RINCON
820633029;SAUCE VIEJO
820700161;ESPERANZA
820700168;SAN CARLOS CENTRO
820703036;CAVOUR
820703043;SAN JOSE
820703050;CULULU
820703057;ELISA
820703064;EMPALME SAN CARLOS
820703071;FELICIA
820703078;FRANCK
820703085;GRUTLY
820703092;HIPATIA
820703099;HUMBOLDT
820703106;ITUZAINGO
820703113;JACINTO L. ARAUZ
820703120;LA PELADA
820703127;LAS TUNAS
820703134;MARIA LUISA
820703141;MATILDE
820703148;NUEVO TORINO
820703155;PILAR
820703162;PROGRESO
820703169;PROVIDENCIA
820703176;PUJATO NORTE
820703183;RIVADAVIA
820703190;SA PEREYRA
820703197;SAN AGUSTIN
820703204;SAN CARLOS NORTE
820703211;SAN CARLOS SUD
820703218;SAN JERONIMO DEL SAUCE
820703225;SAN JERONIMO NORTE
820703232;SAN MARIANO
820703239;SANTA CLARA DE BUENA VISTA
820703246;SANTA MARIA CENTRO
820703253;SANTA MARIA NORTE
820703260;SANTO DOMINGO
820703267;SARMIENTO
820703274;SOUTOMAYOR
820770175;TOSTADO
820773281;ESTEBAN RAMS
820773288;GATO COLORADO
820773295;GREGORIA PEREZ DE DENIS
820773302;JUAN DE GARAY
820773309;LOGROÑO
820773316;MONTEFIORE
820773323;POZO BORRADO
820773330;SAN BERNARDO
820773337;SANTA MARGARITA
820773344;VILLA MINETTI
820840182;ARROYO SECO
820840189;FUNES
820840196;GRANADERO BAIGORRIA
820840203;PEREZ
820840210;ROSARIO
820840217;VILLA GOBERNADOR GALVEZ
820843351;ACEBAL
820843358;ALBARELLOS
820843365;ALVAREZ
820843372;ALVEAR
820843379;ARMINDA
820843386;CARMEN DEL SAUCE
820843393;CORONEL BOGADO
820843400;FIGHIERA
820843407;GENERAL LAGOS
820843414;IBARLUCEA
820843421;PIÑERO
820843428;PUEBLO ESTHER
820843435;PUEBLO MUÑOZ
820843442;SOLDINI
820843449;URANGA
820843456;VILLA AMELIA
820843463;ZAVALLA
820843470;CORONEL DOMINGUEZ
820843988;CORONEL ARNOLD
820910224;CERES
820910231;SAN CRISTOBAL
820913477;AGUARA GRANDE
820913484;AMBROSETTI
820913491;ARRUFO
820913498;CAPIVARA
820913505;COLONIA ANA
820913512;COLONIA BOSSI
820913519;COLONIA ROSA
820913526;CONSTANZA
820913533;CURUPAITY
820913540;DOS ROSAS Y LA LEGUA
820913547;HERSILIA
820913554;HUANQUEROS
820913561;LA CABRAL
820913568;COLONIA CLARA
820913575;LA LUCILA
820913582;LA RUBIA
820913589;LAS AVISPAS
820913596;LAS PALMERAS
820913603;MOISES VILLE
820913610;MONIGOTES
820913617;MONTE OSCURIDAD
820913624;ÑANDUCITA
820913631;PALACIOS
820913638;PORTUGALETE
820913645;SAN GUILLERMO
820913652;SANTURCE
820913659;SOLEDAD
820913666;SUARDI
820913673;VILLA SARALEGUI
820913680;VILLA TRINIDAD
820980238;SAN JAVIER
820983687;ALEJANDRA
820983694;CACIQUE ARIACAIQUIN
820983701;COLONIA DURAN
820983708;LA BRAVA
820983715;ROMANG
821050245;CORONDA
821050252;GALVEZ
821050256;SAN GENARO
821053722;AROCENA
821053729;BARRANCAS
821053736;BERNARDO DE IRIGOYEN
821053743;CAMPO PIAGGIO
821053750;CASALEGNO
821053757;CENTENO
821053764;DESVIO ARIJON
821053771;DIAZ
821053778;GABOTO
821053785;GESSLER
821053792;IRIGOYEN
821053799;LARRECHEA
821053806;LOMA ALTA
821053813;LOPEZ
821053820;MACIEL
821053827;MONJE
821053834;SAN EUGENIO
821053841;SAN FABIAN
821120259;SAN JUSTO
821123862;ANGELONI
821123869;CAYASTACITO
821123876;COLONIA DOLORES
821123883;ESTHER
821123890;GOBERNADOR CRESPO
821123897;LA CAMILA
821123904;LA CRIOLLA
821123911;LA PENCA Y CARAGUATA
821123918;MARCELINO ESCALADA
821123925;NARE
821123932;PEDRO GOMEZ CELLO
821123939;RAMAYON
821123946;SAN BERNARDO
821123953;SAN MARTIN NORTE
821123960;SILVA
821123967;VERA Y PINTADO
821123974;VIDELA
821190189;FUNES
821190266;CAPITAN BERMUDEZ
821190273;CARCARAÑA
821190280;FRAY LUIS BELTRAN
821190287;PUERTO GENERAL SAN MARTIN
821190294;ROLDAN
821190301;SAN LORENZO
821193379;ARMINDA
821193414;IBARLUCEA
821193463;ZAVALLA
821193981;ALDAO
821193988;CORONEL ARNOLD
821193995;FUENTES
821194002;LUIS PALACIOS
821194009;PUJATO
821194016;RICARDONE
821194023;SAN JERONIMO SUD
821194030;TIMBUES
821194037;VILLA MUGUETA
821260308;EL TREBOL
821260315;SAN JORGE
821260322;SASTRE
821264044;CAÑADA ROSQUIN
821264051;CARLOS PELLEGRINI
821264058;CASAS
821264065;CASTELAR
821264072;COLONIA BELGRANO
821264079;CRISPI
821264086;LANDETA
821264093;LAS BANDURRIAS
821264100;LAS PETACAS
821264107;LOS CARDOS
821264114;MARIA SUSANA
821264121;PIAMONTE
821264128;SAN MARTIN DE LAS ESCOBAS
821264135;TRAILL
821330329;CALCHAQUI
821330336;VERA
821334142;CAÑADA OMBU
821334149;FORTIN OLMOS
821334156;GARABATO
821334163;GOLONDRINA
821334170;INTIYACO
821334177;LA GALLARETA
821334184;LOS AMORES
821334191;MARGARITA
821334198;TARTAGAL
821334205;TOBA
860070000;ZONA RURAL
860070007;PINTO (GOB.)
860076007;MALBRAN
860076308;ARGENTINA
860076315;CASARES
860140000;ZONA RURAL
860140014;CAMPO GALLO
860146014;SACHAYOJ
860146322;DONADEU
860146329;SANTOS LUGARES
860210000;ZONA RURAL
860210021;VILLA ATAMISQUI
860216021;ESTACION ATAMISQUI
860216028;MEDELLIN
860280000;ZONA RURAL
860280028;COLONIA DORA
860286035;HERRERA
860286042;ICAÑO
860286049;LUGONES
860286056;REAL SAYANA
860286336;MAILIN
860350000;ZONA RURAL
860350035;CLODOMIRA
860350042;LA BANDA
860356063;ESTACION SIMBOLAR
860356070;LOS QUIROGA
860356343;ANTAJE
860356350;ARDILES
860356357;CAÑADA ESCOBAR
860356364;CHAUPI POZO
860356371;LA AURORA
860356378;LA DARSENA
860420000;ZONA RURAL
860420049;BANDERA
860426077;FORTIN INCA
860426084;GUARDIA ESCOLTA
860426385;CUATRO BOCAS
860490000;ZONA RURAL
860490056;SANTIAGO DEL ESTERO
860496392;SAN PEDRO
860496399;VILLA ZANJON
860560000;ZONA RURAL
860560063;MONTE QUEMADO
860560070;PAMPA DE LOS GUANACOS
860566091;LOS PIRPINTOS
860566406;EL CABURE
860566413;SAN JOSE DEL BOQUERON
860566420;VILLA MATOQUE
860630000;ZONA RURAL
860630077;FRIAS
860636098;CHOYA
860636105;LAPRIDA
860636112;TAPSO
860636119;VILLA LA PUNTA
860700000;ZONA RURAL
860706126;BANDERA BAJADA
860706133;LA CAÑADA
860706427;COLONIA SAN JUAN
860706434;LA INVERNADA
860706441;VILLA FIGUEROA
860770000;ZONA RURAL
860770084;AÑATUYA
860770091;LOS JURIES
860776140;TOMAS YOUNG
860776448;AVERIAS
860776455;ESTACION TACAÑITAS
860840000;ZONA RURAL
860840098;SAN PEDRO DE GUASAYAN
860846147;LAVALLE
860846462;DOÑA LUISA
860846469;GUAMPACHA
860846476;VILLA GUASAYAN
860910000;ZONA RURAL
860910105;POZO HONDO
860916154;BOBADAL
860916161;EL CHARCO
860916168;GRAMILLA
860916483;EL ARENAL
860980000;ZONA RURAL
860980112;SUNCHO CORRAL
860986175;MATARA
860986182;VILELAS
860986490;EL COLORADO
860986497;EL CUADRADO
860986504;POZO DEL TOBA
861050000;ZONA RURAL
861050119;LORETO
861120000;ZONA RURAL
861126189;VILLA UNION
861190000;ZONA RURAL
861190126;QUIMILI
861190133;TINTINA
861196196;WEISBURD
861196511;LAS TINAJAS
861196518;OTUMPA
861196525;PATAY
861260000;ZONA RURAL
861260140;VILLA OJO DE AGUA
861266203;SOL DE JULIO
861330000;ZONA RURAL
861330147;NUEVA ESPERANZA
861336210;EL MOJON
861336532;LAS DELICIAS
861336539;POZO BETBEDER
861336546;QUEBRACHO COTO
861336553;RAPELLI
861400000;ZONA RURAL
861400154;SUMAMPA
861406560;RAMIREZ DE VELAZCO
861470000;ZONA RURAL
861470161;TERMAS DE RIO HONDO
861476161;EL CHARCO
861476168;GRAMILLA
861476217;LOS NUÑEZ
861476224;VILLA RIO HONDO
861476567;CHAUCHILLAS
861476574;COLONIA TINCO
861476581;POZUELOS
861476588;VINARA
861540000;ZONA RURAL
861540168;SELVA
861546231;COLONIA ALPINA
861546238;PALO NEGRO
861610000;ZONA RURAL
861610175;BELTRAN
861610182;FERNANDEZ
861610189;INGENIERO FORRES
861616245;COLONIA EL SIMBOLAR
861616252;VILMER
861616595;VILLA ROBLES
861680000;ZONA RURAL
861680196;LOS TELARES
861686259;CHILCA JULIANA
861686266;VILLA SALAVINA
861686602;SABAGASTA
861750000;ZONA RURAL
861756273;BREA POZO
861756280;TABOADA
861756609;ESTACION ROBLES
861820000;ZONA RURAL
861826287;GARZA
861890000;ZONA RURAL
861896294;ARRAGA
861896301;NUEVA FRANCIA
861896616;MANOGASTA
861896623;VILLA SILIPICA
900070007;BURRUYACU
900078007;7 DE ABRIL
900078014;EL CHAÑAR
900078021;EL NARANJO Y EL SUNCHAL
900078028;EL PUESTITO
900078035;EL TIMBO
900078042;GARMENDIA
900078049;PIEDRABUENA
900078056;LA RAMADA Y LA CRUZ
900078063;BENJAMIN ARAOZ  Y EL TAJAMAR
900078070;VILLA PADRE MONTI
900140000;ZONA RURAL
900140021;ALDERETES
900140028;BANDA DEL RIO SALI
900148077;COLOMBRES
900148084;DELFIN GALLO
900148091;EL BRACHO Y EL CEVILAR
900148098;EL NARANJITO
900148105;LA FLORIDA Y LUISIANA
900148112;LAS CEJAS
900148119;LOS BULACIO Y LOS VILLAGRA
900148126;LOS PEREYRA
900148133;LOS PEREZ
900148140;LOS RALOS
900148147;RANCHILLOS Y SAN MIGUEL
900148154;SAN ANDRES
900210035;CONCEPCION
900218161;ALPACHIRI Y EL MOLINO
900218168;ALTO VERDE Y LOS GUCHEA
900218175;ARCADIA
900218182;GASTONA Y BELICHA
900218189;LA TRINIDAD
900218196;MEDINA
900280042;FAMAILLA
900350049;GRANEROS
900358203;LAMADRID
900358210;TACO RALO
900420000;ZONA RURAL
900420056;JUAN BAUTISTA ALBERDI
900428217;ESCABA
900428224;VILLA BELGRANO
900490000;ZONA RURAL
900490063;LA COCHA
900498231;EL SACRIFICIO
900498238;HUASA PAMPA
900498245;RUMI PUNCO
900498252;SAN IGNACIO
900498259;SAN JOSE DE LA COCHA
900498266;YANIMA
900560000;ZONA RURAL
900560070;BELLA VISTA
900568273;AGUA DULCE Y LA SOLEDAD
900568280;EL MOJON
900568287;ESQUINA Y MANCOPA
900568294;ESTACION ARAOZ Y TACANAS
900568301;LAS TALAS
900568308;LOS GOMEZ
900568315;LOS PUESTOS
900568322;MANUEL GARCIA FERNÁNDEZ
900568329;QUILMES Y LOS SUELDOS
900568336;RIO COLORADO
900568343;SANTA ROSA DE LEALES Y LAGUNA BLAN
900568350;LEALES
900630000;ZONA RURAL
900630077;LULES
900638357;EL MANANTIAL
900638364;SAN FELIPE Y SANTA BARBARA
900638371;SAN PABLO Y VILLA NOUGUES
900700084;MONTEROS
900708378;ACHERAL
900708385;AMBERES
900708392;CAPITAN CACERES
900708399;EL CERCADO
900708406;LEON ROUGES Y STA. ROSA
900708413;LOS SOSA
900708420;RIO SECO
900708427;SANTA LUCIA
900708434;SARGENTO MOYA
900708441;SOLDADO MALDONADO
900708448;TENIENTE BERDINA
900708455;VILLA QUINTEROS
900770000;ZONA RURAL
900770091;AGUILARES
900778462;EL POLEAR
900778469;LOS SARMIENTOS Y LA TIPA
900778476;MONTE BELLO
900778483;SANTA ANA
900840014;SAN MIGUEL DE TUCUMAN
900910098;SIMOCA
900918490;ATAHONA
900918497;BUENA VISTA
900918504;CIUDACITA
900918511;MANUELA PEDRAZA
900918518;MONTEAGUDO
900918525;PAMPA MAYO
900918532;RIO CHICO Y NUEVA TRINIDAD
900918539;SAN PEDRO Y SAN ANTONIO
900918546;SANTA CRUZ Y LA TUNA
900918553;CHICLIGASTA
900918560;YERBA BUENA (SIMOCA)
900980000;ZONA RURAL
900980105;TAFI DEL VALLE
900988567;AMAICHA DEL VALLE
900988574;COLALAO DEL VALLE
900988581;EL MOLLAR
901050112;LAS TALITAS
901050119;TAFI VIEJO
901058588;RACO
901058595;ANCAJULI
901058602;EL CADILLAL
901058609;LA ESPERANZA
901058616;LOS NOGALES
901120126;TRANCAS
901128623;CHOROMORO
901128630;SAN PEDRO DE COLALAO
901128637;TAPIA
901190133;YERBA BUENA
901198644;CEVIL REDONDO
901198651;SAN JAVIER
940070000;ZONA RURAL
940070007;RIO GRANDE
940072007;TOLHUIN
940140000;ZONA RURAL
940140014;USHUAIA
940210000;ZONA RURAL
940280000;ZONA RURAL
64270427;LA MATANZA
141402966;PLAZA LUXARDO
141402938;COLONIA ITURRASPE
380350134;FRAILE PINTADO
420840133;GENERAL ACHA
950000002;MISSING
950000001;NOTAPPLICABLE
